#pragma once

#include "pm25/font.hpp"

namespace pm25 {

inline constexpr std::uint8_t font14_bitmap[] = {
    0x40, 0x40, 0x40, 0x40, 0x40, 0x40, 0x40, 0x40, 0x00, 0x60, 0x60, 0x28, 0x28, 0x28, 0x00, 0x00,
    0x00, 0x00, 0x00, 0x00, 0x00, 0x00, 0x12, 0x00, 0x12, 0x00, 0x12, 0x00, 0x7f, 0x80, 0x24, 0x00,
    0x24, 0x00, 0xff, 0x00, 0x24, 0x00, 0x48, 0x00, 0x48, 0x00, 0x00, 0x00, 0x08, 0x3c, 0x6a, 0x48,
    0x48, 0x38, 0x1c, 0x0e, 0x0a, 0x0a, 0x4a, 0x3c, 0x08, 0x08, 0x38, 0x40, 0x44, 0x80, 0x44, 0x80,
    0x45, 0x00, 0x45, 0x00, 0x3a, 0xe0, 0x05, 0x10, 0x05, 0x10, 0x09, 0x10, 0x09, 0x10, 0x10, 0xe0,
    0x1c, 0x00, 0x22, 0x00, 0x22, 0x00, 0x26, 0x40, 0x1c, 0x40, 0x3c, 0x40, 0x42, 0xc0, 0x43, 0x80,
    0x41, 0x00, 0x63, 0x80, 0x3c, 0x60, 0x40, 0x40, 0x40, 0x00, 0x00, 0x00, 0x00, 0x00, 0x00, 0x00,
    0x00, 0x18, 0x10, 0x20, 0x20, 0x40, 0x40, 0x40, 0x40, 0x40, 0x20, 0x20, 0x10, 0x10, 0x40, 0x40,
    0x20, 0x20, 0x10, 0x10, 0x10, 0x10, 0x10, 0x20, 0x20, 0x40, 0x40, 0x20, 0x20, 0xec, 0x30, 0x30,
    0x48, 0x00, 0x00, 0x00, 0x00, 0x00, 0x04, 0x00, 0x04, 0x00, 0x04, 0x00, 0x3f, 0x80, 0x04, 0x00,
    0x04, 0x00, 0x04, 0x00, 0x00, 0x00, 0x40, 0x40, 0x80, 0x80, 0x78, 0x00, 0x00, 0x00, 0x00, 0x60,
    0x60, 0x02, 0x04, 0x04, 0x04, 0x08, 0x08, 0x18, 0x10, 0x10, 0x20, 0x20, 0x20, 0x40, 0x1c, 0x24,
    0x42, 0x42, 0x42, 0x42, 0x42, 0x42, 0x42, 0x24, 0x38, 0x08, 0x38, 0x68, 0x08, 0x08, 0x08, 0x08,
    0x08, 0x08, 0x08, 0x08, 0x3c, 0x46, 0x02, 0x02, 0x02, 0x04, 0x18, 0x30, 0x60, 0x40, 0x7e, 0x38,
    0x44, 0x04, 0x04, 0x0c, 0x30, 0x0c, 0x04, 0x04, 0x4c, 0x38, 0x04, 0x0c, 0x1c, 0x14, 0x24, 0x64,
    0xc4, 0xff, 0x04, 0x04, 0x04, 0x7c, 0x40, 0x40, 0x40, 0x40, 0x7c, 0x06, 0x02, 0x02, 0x06, 0x38,
    0x1c, 0x20, 0x40, 0x40, 0x5c, 0x66, 0x42, 0x42, 0x42, 0x24, 0x3c, 0xfe, 0x04, 0x04, 0x08, 0x08,
    0x10, 0x10, 0x10, 0x20, 0x20, 0x20, 0x3c, 0x66, 0x42, 0x42, 0x24, 0x3c, 0x66, 0x42, 0x42, 0x66,
    0x3c, 0x3c, 0x24, 0x42, 0x42, 0x42, 0x66, 0x3a, 0x02, 0x04, 0x24, 0x38, 0x60, 0x60, 0x00, 0x00,
    0x00, 0x00, 0x60, 0x60, 0x60, 0x60, 0x00, 0x00, 0x00, 0x00, 0x20, 0x20, 0x40, 0x40, 0x01, 0x00,
    0x06, 0x00, 0x1c, 0x00, 0x30, 0x00, 0x1c, 0x00, 0x06, 0x00, 0x01, 0x00, 0x00, 0x00, 0x3f, 0x00,
    0x00, 0x00, 0x00, 0x00, 0x3f, 0x00, 0x00, 0x00, 0x00, 0x00, 0x00, 0x00, 0x20, 0x00, 0x18, 0x00,
    0x0e, 0x00, 0x03, 0x00, 0x0e, 0x00, 0x18, 0x00, 0x20, 0x00, 0x00, 0x00, 0x38, 0x44, 0x04, 0x04,
    0x08, 0x10, 0x20, 0x20, 0x00, 0x30, 0x30, 0x07, 0xc0, 0x18, 0x20, 0x20, 0x10, 0x27, 0x88, 0x4c,
    0x88, 0x48, 0x88, 0x48, 0x88, 0x49, 0x90, 0x46, 0xe0, 0x20, 0x00, 0x10, 0x40, 0x0f, 0x80, 0x08,
    0x00, 0x14, 0x00, 0x14, 0x00, 0x16, 0x00, 0x26, 0x00, 0x23, 0x00, 0x23, 0x00, 0x7f, 0x00, 0x61,
    0x80, 0x41, 0x80, 0xc0, 0xc0, 0x7c, 0x00, 0x46, 0x00, 0x42, 0x00, 0x42, 0x00, 0x46, 0x00, 0x7c,
    0x00, 0x46, 0x00, 0x42, 0x00, 0x42, 0x00, 0x46, 0x00, 0x7c, 0x00, 0x0e, 0x00, 0x31, 0x00, 0x20,
    0x00, 0x40, 0x00, 0x40, 0x00, 0x40, 0x00, 0x40, 0x00, 0x40, 0x00, 0x20, 0x00, 0x31, 0x00, 0x1e,
    0x00, 0x7e, 0x00, 0x41, 0x00, 0x40, 0x80, 0x40, 0x40, 0x40, 0x40, 0x40, 0x40, 0x40, 0x40, 0x40,
    0x40, 0x40, 0x80, 0x41, 0x00, 0x7e, 0x00, 0x7e, 0x40, 0x40, 0x40, 0x40, 0x7c, 0x40, 0x40, 0x40,
    0x40, 0x7e, 0x7c, 0x40, 0x40, 0x40, 0x40, 0x7c, 0x40, 0x40, 0x40, 0x40, 0x40, 0x0f, 0x00, 0x10,
    0x80, 0x20, 0x00, 0x40, 0x00, 0x40, 0x00, 0x43, 0x80, 0x40, 0x80, 0x40, 0x80, 0x20, 0x80, 0x30,
    0x80, 0x0f, 0x00, 0x40, 0x80, 0x40, 0x80, 0x40, 0x80, 0x40, 0x80, 0x40, 0x80, 0x7f, 0x80, 0x40,
    0x80, 0x40, 0x80, 0x40, 0x80, 0x40, 0x80, 0x40, 0x80, 0x40, 0x40, 0x40, 0x40, 0x40, 0x40, 0x40,
    0x40, 0x40, 0x40, 0x40, 0x10, 0x10, 0x10, 0x10, 0x10, 0x10, 0x10, 0x10, 0x10, 0x20, 0xe0, 0x41,
    0x80, 0x43, 0x00, 0x46, 0x00, 0x4c, 0x00, 0x58, 0x00, 0x70, 0x00, 0x58, 0x00, 0x4c, 0x00, 0x46,
    0x00, 0x43, 0x00, 0x41, 0x80, 0x40, 0x40, 0x40, 0x40, 0x40, 0x40, 0x40, 0x40, 0x40, 0x40, 0x7e,
    0x60, 0x10, 0x70, 0x30, 0x70, 0x30, 0x50, 0x50, 0x58, 0x50, 0x48, 0x90, 0x4c, 0x90, 0x45, 0x10,
    0x45, 0x10, 0x47, 0x10, 0x42, 0x10, 0x60, 0x80, 0x70, 0x80, 0x70, 0x80, 0x58, 0x80, 0x4c, 0x80,
    0x4c, 0x80, 0x46, 0x80, 0x46, 0x80, 0x43, 0x80, 0x41, 0x80, 0x41, 0x80, 0x1f, 0x00, 0x31, 0x80,
    0x20, 0x80, 0x40, 0x40, 0x40, 0x40, 0x40, 0x40, 0x40, 0x40, 0x40, 0x40, 0x20, 0x80, 0x31, 0x80,
    0x1f, 0x00, 0x7c, 0x00, 0x43, 0x00, 0x41, 0x00, 0x41, 0x00, 0x41, 0x00, 0x42, 0x00, 0x7c, 0x00,
    0x40, 0x00, 0x40, 0x00, 0x40, 0x00, 0x40, 0x00, 0x1f, 0x00, 0x31, 0x80, 0x20, 0x80, 0x40, 0x40,
    0x40, 0x40, 0x40, 0x40, 0x40, 0x40, 0x40, 0x40, 0x20, 0x80, 0x31, 0x80, 0x1f, 0x80, 0x00, 0xc0,
    0x7c, 0x00, 0x46, 0x00, 0x42, 0x00, 0x42, 0x00, 0x44, 0x00, 0x78, 0x00, 0x48, 0x00, 0x4c, 0x00,
    0x44, 0x00, 0x46, 0x00, 0x43, 0x00, 0x1c, 0x62, 0x40, 0x40, 0x60, 0x38, 0x0c, 0x02, 0x02, 0x42,
    0x3c, 0xfe, 0x10, 0x10, 0x10, 0x10, 0x10, 0x10, 0x10, 0x10, 0x10, 0x10, 0x41, 0x00, 0x41, 0x00,
    0x41, 0x00, 0x41, 0x00, 0x41, 0x00, 0x41, 0x00, 0x41, 0x00, 0x41, 0x00, 0x41, 0x00, 0x22, 0x00,
    0x1c, 0x00, 0xc0, 0x80, 0x40, 0x80, 0x61, 0x00, 0x61, 0x00, 0x21, 0x00, 0x33, 0x00, 0x32, 0x00,
    0x12, 0x00, 0x1e, 0x00, 0x1c, 0x00, 0x0c, 0x00, 0xc1, 0x04, 0xc1, 0x04, 0x63, 0x8c, 0x63, 0x88,
    0x64, 0x88, 0x64, 0xc8, 0x24, 0xc8, 0x34, 0x58, 0x3c, 0x70, 0x18, 0x70, 0x18, 0x30, 0xc1, 0x80,
    0x63, 0x00, 0x22, 0x00, 0x36, 0x00, 0x1c, 0x00, 0x18, 0x00, 0x1c, 0x00, 0x36, 0x00, 0x26, 0x00,
    0x63, 0x00, 0xc1, 0x80, 0xc1, 0x00, 0x62, 0x00, 0x62, 0x00, 0x22, 0x00, 0x34, 0x00, 0x14, 0x00,
    0x08, 0x00, 0x08, 0x00, 0x08, 0x00, 0x08, 0x00, 0x08, 0x00, 0xff, 0x80, 0x01, 0x00, 0x02, 0x00,
    0x06, 0x00, 0x0c, 0x00, 0x08, 0x00, 0x18, 0x00, 0x30, 0x00, 0x20, 0x00, 0x40, 0x00, 0xff, 0x80,
    0x38, 0x20, 0x20, 0x20, 0x20, 0x20, 0x20, 0x20, 0x20, 0x20, 0x20, 0x20, 0x38, 0x40, 0x20, 0x20,
    0x20, 0x10, 0x10, 0x08, 0x08, 0x04, 0x04, 0x04, 0x02, 0xe0, 0x20, 0x20, 0x20, 0x20, 0x20, 0x20,
    0x20, 0x20, 0x20, 0x20, 0x20, 0xe0, 0x04, 0x00, 0x0e, 0x00, 0x0a, 0x00, 0x1a, 0x00, 0x13, 0x00,
    0x21, 0x00, 0x00, 0x00, 0x00, 0x00, 0x00, 0x00, 0x00, 0x00, 0x00, 0x00, 0x00, 0x00, 0x00, 0xfc,
    0x40, 0x20, 0x00, 0x00, 0x00, 0x00, 0x00, 0x00, 0x00, 0x00, 0x00, 0x1c, 0x22, 0x02, 0x1e, 0x62,
    0x42, 0x46, 0x3a, 0x40, 0x00, 0x40, 0x00, 0x40, 0x00, 0x5e, 0x00, 0x62, 0x00, 0x41, 0x00, 0x41,
    0x00, 0x41, 0x00, 0x41, 0x00, 0x62, 0x00, 0x5c, 0x00, 0x1c, 0x20, 0x40, 0x40, 0x40, 0x40, 0x20,
    0x3c, 0x01, 0x00, 0x01, 0x00, 0x01, 0x00, 0x1d, 0x00, 0x23, 0x00, 0x41, 0x00, 0x41, 0x00, 0x41,
    0x00, 0x41, 0x00, 0x23, 0x00, 0x3d, 0x00, 0x1c, 0x26, 0x42, 0x7e, 0x40, 0x40, 0x22, 0x1c, 0x18,
    0x20, 0x20, 0x78, 0x20, 0x20, 0x20, 0x20, 0x20, 0x20, 0x20, 0x1d, 0x00, 0x23, 0x00, 0x41, 0x00,
    0x41, 0x00, 0x41, 0x00, 0x41, 0x00, 0x23, 0x00, 0x3d, 0x00, 0x01, 0x00, 0x22, 0x00, 0x1c, 0x00,
    0x40, 0x00, 0x40, 0x00, 0x40, 0x00, 0x5c, 0x00, 0x66, 0x00, 0x42, 0x00, 0x42, 0x00, 0x42, 0x00,
    0x42, 0x00, 0x42, 0x00, 0x42, 0x00, 0x60, 0x60, 0x00, 0x40, 0x40, 0x40, 0x40, 0x40, 0x40, 0x40,
    0x40, 0x18, 0x18, 0x00, 0x10, 0x10, 0x10, 0x10, 0x10, 0x10, 0x10, 0x10, 0x10, 0x10, 0x60, 0x40,
    0x40, 0x40, 0x46, 0x4c, 0x58, 0x70, 0x70, 0x58, 0x4c, 0x46, 0x40, 0x40, 0x40, 0x40, 0x40, 0x40,
    0x40, 0x40, 0x40, 0x40, 0x40, 0x5c, 0xe0, 0x67, 0x10, 0x42, 0x10, 0x42, 0x10, 0x42, 0x10, 0x42,
    0x10, 0x42, 0x10, 0x42, 0x10, 0x5c, 0x00, 0x66, 0x00, 0x42, 0x00, 0x42, 0x00, 0x42, 0x00, 0x42,
    0x00, 0x42, 0x00, 0x42, 0x00, 0x1c, 0x00, 0x22, 0x00, 0x41, 0x00, 0x41, 0x00, 0x41, 0x00, 0x41,
    0x00, 0x22, 0x00, 0x1c, 0x00, 0x5e, 0x00, 0x62, 0x00, 0x41, 0x00, 0x41, 0x00, 0x41, 0x00, 0x41,
    0x00, 0x62, 0x00, 0x5c, 0x00, 0x40, 0x00, 0x40, 0x00, 0x40, 0x00, 0x1d, 0x00, 0x23, 0x00, 0x41,
    0x00, 0x41, 0x00, 0x41, 0x00, 0x41, 0x00, 0x23, 0x00, 0x3d, 0x00, 0x01, 0x00, 0x01, 0x00, 0x01,
    0x00, 0x00, 0x58, 0x60, 0x40, 0x40, 0x40, 0x40, 0x40, 0x40, 0x38, 0x40, 0x40, 0x60, 0x18, 0x08,
    0x08, 0x70, 0x20, 0x20, 0x78, 0x20, 0x20, 0x20, 0x20, 0x20, 0x20, 0x18, 0x42, 0x00, 0x42, 0x00,
    0x42, 0x00, 0x42, 0x00, 0x42, 0x00, 0x42, 0x00, 0x66, 0x00, 0x3a, 0x00, 0x82, 0x44, 0x44, 0x44,
    0x28, 0x28, 0x28, 0x10, 0x84, 0x20, 0x86, 0x20, 0x4a, 0x40, 0x4a, 0x40, 0x49, 0x40, 0x71, 0x40,
    0x31, 0x80, 0x20, 0x80, 0xc2, 0x64, 0x68, 0x38, 0x38, 0x28, 0x6c, 0xc6, 0x82, 0x44, 0x44, 0x44,
    0x28, 0x28, 0x38, 0x10, 0x30, 0x20, 0xc0, 0xfe, 0x04, 0x08, 0x18, 0x30, 0x20, 0x40, 0xfe, 0x10,
    0x20, 0x20, 0x20, 0x20, 0x20, 0x40, 0x20, 0x20, 0x20, 0x20, 0x20, 0x10, 0x40, 0x40, 0x40, 0x40,
    0x40, 0x40, 0x40, 0x40, 0x40, 0x40, 0x40, 0x40, 0x40, 0x40, 0x40, 0x40, 0x20, 0x20, 0x20, 0x20,
    0x20, 0x10, 0x20, 0x20, 0x20, 0x20, 0x20, 0x40, 0x1c, 0x80, 0x27, 0x00, 0x00, 0x00, 0x00, 0x00,
    0x00, 0x00, 0x00, 0x00, 0x00, 0x78, 0x08, 0x30, 0x08, 0x08, 0x70, 0x00, 0x00, 0x00, 0x00, 0x00,
    0x42, 0x00, 0x42, 0x00, 0x42, 0x00, 0x42, 0x00, 0x42, 0x00, 0x42, 0x00, 0x66, 0x00, 0x7a, 0x00,
    0x40, 0x00, 0x40, 0x00, 0x40, 0x00, 0x7f, 0xfc, 0x24, 0x48, 0x14, 0x50, 0x14, 0x60, 0x04, 0x40,
    0x3f, 0xfc, 0x20, 0x00, 0x20, 0x00, 0x20, 0x00, 0x20, 0x00, 0x40, 0x00, 0x40, 0x00, 0x02, 0x00,
    0x02, 0x00, 0x7f, 0xf8, 0x42, 0x08, 0x42, 0x08, 0x42, 0x08, 0x42, 0x08, 0x7f, 0xf8, 0x42, 0x08,
    0x02, 0x00, 0x02, 0x00, 0x02, 0x00, 0x10, 0x40, 0x32, 0x40, 0x22, 0x40, 0x27, 0xfc, 0x64, 0x40,
    0xe8, 0x40, 0xa0, 0x40, 0x2f, 0xfc, 0x20, 0x40, 0x20, 0x40, 0x20, 0x40, 0x20, 0x40, 0x09, 0x40,
    0x11, 0x30, 0x11, 0x08, 0x2f, 0xfc, 0x61, 0x40, 0xe1, 0x40, 0xa3, 0x40, 0x22, 0x40, 0x22, 0x44,
    0x24, 0x44, 0x28, 0x44, 0x30, 0x78, 0x00, 0x00, 0x10, 0x80, 0x37, 0xf8, 0x21, 0x00, 0x21, 0x00,
    0x6f, 0xfc, 0xe2, 0x00, 0xa3, 0xf8, 0x20, 0x18, 0x26, 0x30, 0x21, 0xe0, 0x20, 0x60, 0x20, 0x30,
    0x10, 0x80, 0x30, 0x80, 0x2f, 0xfc, 0x20, 0x80, 0x60, 0x80, 0xe0, 0x80, 0xa7, 0xf8, 0x24, 0x08,
    0x24, 0x08, 0x24, 0x08, 0x27, 0xf8, 0x24, 0x08, 0x10, 0x1c, 0x37, 0xf0, 0x24, 0x40, 0x24, 0x40,
    0x64, 0x40, 0xe7, 0xfc, 0xa4, 0x40, 0x24, 0x40, 0x24, 0xa0, 0x25, 0x24, 0x26, 0xb4, 0x24, 0x5c,
    0x04, 0x80, 0x08, 0x40, 0x18, 0x60, 0x30, 0x10, 0x40, 0x0c, 0x1f, 0xe0, 0x04, 0x20, 0x04, 0x20,
    0x0c, 0x20, 0x08, 0x20, 0x10, 0x20, 0x63, 0xc0, 0x00, 0x00, 0x10, 0x20, 0x08, 0xc0, 0xff, 0xfc,
    0x00, 0x00, 0x7e, 0x48, 0x42, 0x48, 0x7e, 0x48, 0x42, 0x48, 0x7e, 0x48, 0x42, 0x48, 0x42, 0x08,
    0x4e, 0x78, 0x00, 0x00, 0x10, 0x80, 0x7f, 0xf0, 0x10, 0x90, 0x1f, 0x90, 0x71, 0x94, 0x13, 0x54,
    0x76, 0x0c, 0x02, 0x00, 0x3f, 0xf0, 0x02, 0x10, 0x0c, 0x10, 0x70, 0xe0, 0x00, 0x00, 0x06, 0x80,
    0x08, 0x60, 0x3f, 0xf0, 0x06, 0x08, 0xff, 0xfc, 0x09, 0xc0, 0x36, 0x30, 0xf9, 0xcc, 0x0f, 0x30,
    0x38, 0xe0, 0x07, 0x00, 0x38, 0x00, 0x7f, 0xf8, 0x40, 0x08, 0x40, 0x08, 0x5f, 0xe8, 0x40, 0x08,
    0x4f, 0xc8, 0x48, 0x48, 0x48, 0x48, 0x4f, 0xc8, 0x48, 0x08, 0x40, 0x08, 0x40, 0x78, 0x7d, 0xf0,
    0x45, 0x10, 0x7d, 0xf0, 0x45, 0x90, 0x02, 0x60, 0x7f, 0xf8, 0x07, 0x80, 0xf8, 0x78, 0x7d, 0xf0,
    0x45, 0x10, 0x7d, 0xf0, 0x45, 0x10, 0x7f, 0xf8, 0x40, 0x08, 0x40, 0x08, 0x4f, 0xc8, 0x48, 0x48,
    0x48, 0x48, 0x48, 0x48, 0x48, 0x48, 0x4f, 0xc8, 0x48, 0x48, 0x40, 0x08, 0x7f, 0xf8, 0x40, 0x08,
    0x7f, 0xf8, 0x42, 0x08, 0x5f, 0xe8, 0x42, 0x08, 0x5f, 0xc8, 0x42, 0x08, 0x5f, 0xe8, 0x42, 0x28,
    0x42, 0x28, 0x42, 0xe8, 0x42, 0x08, 0x7f, 0xf8, 0x40, 0x08, 0x7f, 0xf8, 0x40, 0x08, 0x42, 0x08,
    0x5f, 0xe8, 0x42, 0x08, 0x4f, 0xc8, 0x48, 0x48, 0x48, 0x48, 0x4f, 0xc8, 0x48, 0x48, 0x40, 0x08,
    0x7f, 0xf8, 0x40, 0x08, 0x21, 0x00, 0x23, 0x00, 0x23, 0xf8, 0xfa, 0x08, 0x25, 0x08, 0x20, 0x88,
    0x20, 0x48, 0x20, 0x38, 0x29, 0xc8, 0x76, 0x08, 0x80, 0x08, 0x00, 0xf8, 0x00, 0x00, 0x08, 0x00,
    0x1f, 0xf0, 0x78, 0x20, 0xc6, 0xc0, 0x07, 0xc0, 0xf8, 0x3c, 0x3f, 0xf0, 0x22, 0x10, 0x3f, 0xf0,
    0x22, 0x10, 0x3f, 0xf0, 0x01, 0x00, 0x01, 0x00, 0x01, 0x00, 0x11, 0x20, 0x21, 0x10, 0x21, 0x10,
    0x41, 0x08, 0x41, 0x0c, 0x81, 0x04, 0x01, 0x00, 0x01, 0x00, 0x1f, 0x00, 0x00, 0x00, 0x3f, 0xf0,
    0x00, 0x10, 0x00, 0x10, 0x20, 0x10, 0x20, 0x10, 0x3f, 0xf0, 0x20, 0x10, 0x20, 0x00, 0x20, 0x04,
    0x20, 0x04, 0x20, 0x0c, 0x1f, 0xf8, 0x00, 0x00, 0x10, 0x40, 0x10, 0x7c, 0x7c, 0x40, 0x55, 0xf8,
    0x55, 0x08, 0x55, 0x48, 0x55, 0x48, 0x55, 0x48, 0x5d, 0x48, 0x10, 0xe0, 0x11, 0x98, 0x16, 0x0c,
    0x7f, 0xf8, 0x01, 0x00, 0x21, 0x10, 0x11, 0x20, 0x09, 0x40, 0x01, 0x00, 0x7f, 0xf8, 0x01, 0x00,
    0x01, 0x00, 0x01, 0x00, 0x01, 0x00, 0x01, 0x00, 0x01, 0x80, 0x3f, 0xfc, 0x24, 0x20, 0x3f, 0xf8,
    0x24, 0x20, 0x27, 0xe0, 0x20, 0x00, 0x2f, 0xf0, 0x24, 0x20, 0x43, 0x40, 0x43, 0xc0, 0x9c, 0x3c,
    0x7f, 0xf8, 0x08, 0x40, 0x08, 0x40, 0x08, 0x40, 0x08, 0x40, 0xff, 0xfc, 0x08, 0x40, 0x08, 0x40,
    0x08, 0x40, 0x10, 0x40, 0x30, 0x40, 0x60, 0x40, 0x01, 0x00, 0x31, 0x08, 0x19, 0x30, 0x05, 0x60,
    0x7f, 0xf8, 0x00, 0x08, 0x00, 0x08, 0x3f, 0xf8, 0x00, 0x08, 0x00, 0x08, 0x7f, 0xf8, 0x00, 0x08,
    0x02, 0x00, 0x02, 0x00, 0xff, 0xfc, 0x02, 0x00, 0x0d, 0x80, 0x36, 0x60, 0xc1, 0x1c, 0x00, 0x00,
    0x4a, 0x10, 0xc9, 0x28, 0x88, 0x24, 0x0f, 0xc0, 0x00, 0x50, 0x7f, 0xfc, 0x40, 0x40, 0x5f, 0x48,
    0x40, 0x48, 0x5f, 0x34, 0xd1, 0x24, 0x9f, 0x78, 0x40, 0x80, 0x4b, 0x28, 0x88, 0x24, 0x8f, 0xc0,
    0x27, 0xf8, 0x24, 0x08, 0xff, 0xf8, 0x24, 0x08, 0x24, 0x40, 0x37, 0xfc, 0xe4, 0x40, 0x27, 0xf8,
    0x26, 0x08, 0x2a, 0x08, 0x2b, 0xf8, 0xf2, 0x08, 0x00, 0x00, 0x20, 0x80, 0x20, 0x40, 0x27, 0xf8,
    0xfa, 0x10, 0x21, 0x20, 0x2f, 0xf8, 0x31, 0x80, 0xef, 0xf8, 0x24, 0x10, 0x23, 0xa0, 0x20, 0xe0,
    0xef, 0x18, 0x00, 0x00, 0x10, 0x40, 0x08, 0x40, 0xfe, 0xfc, 0x00, 0x88, 0x2d, 0x88, 0x47, 0x88,
    0xe4, 0x50, 0x38, 0x70, 0x18, 0x20, 0x1c, 0x70, 0x62, 0xd8, 0xc1, 0x0c, 0x49, 0x40, 0x2e, 0x40,
    0xfe, 0xfc, 0x18, 0x88, 0x7d, 0x88, 0xcb, 0x98, 0x10, 0x50, 0xfe, 0x50, 0x42, 0x20, 0x3c, 0x70,
    0x37, 0x98, 0xc3, 0x0c, 0x44, 0x0c, 0x65, 0xf0, 0x57, 0x80, 0x46, 0x80, 0x7f, 0xfc, 0x4c, 0x90,
    0x4e, 0x90, 0x56, 0x90, 0x65, 0x90, 0x45, 0x10, 0x7d, 0x10, 0x02, 0x10, 0x7f, 0xf8, 0x02, 0x00,
    0x02, 0x00, 0x04, 0x00, 0xff, 0xfc, 0x04, 0x00, 0x0d, 0x00, 0x09, 0x00, 0x19, 0x04, 0x31, 0x04,
    0x61, 0x04, 0xc1, 0xf8, 0x00, 0x10, 0x7c, 0x10, 0x44, 0x10, 0x47, 0xfc, 0x44, 0x10, 0x7d, 0x10,
    0x44, 0x90, 0x44, 0x90, 0x44, 0x10, 0x7c, 0x10, 0x44, 0x10, 0x00, 0xf0, 0x00, 0x00, 0x01, 0xf8,
    0x79, 0x08, 0x49, 0x08, 0x49, 0xf8, 0x79, 0x08, 0x49, 0x08, 0x49, 0x08, 0x49, 0xf8, 0x7b, 0x08,
    0x42, 0x08, 0x06, 0x08, 0x08, 0x78, 0x00, 0x00, 0x1f, 0xf0, 0x10, 0x10, 0x1f, 0xf0, 0x10, 0x10,
    0x7f, 0xfc, 0x22, 0x00, 0x3f, 0xf8, 0x22, 0x88, 0x3e, 0x50, 0x22, 0x60, 0x7f, 0x70, 0x03, 0x8c,
    0x04, 0x00, 0x04, 0x00, 0xff, 0xfc, 0x08, 0x00, 0x1f, 0xf0, 0x30, 0x10, 0x5f, 0xf0, 0x90, 0x10,
    0x1f, 0xf0, 0x10, 0x10, 0x10, 0x10, 0x10, 0xf0, 0x00, 0x00, 0x02, 0x00, 0x02, 0x00, 0x7f, 0xf0,
    0x02, 0x00, 0x02, 0x00, 0xff, 0xf8, 0x07, 0x00, 0x0a, 0x80, 0x12, 0x40, 0x62, 0x20, 0xc2, 0x18,
    0x02, 0x00, 0x62, 0x00, 0x32, 0x00, 0xcf, 0xe0, 0x22, 0x20, 0x16, 0x24, 0x6c, 0x24, 0x98, 0x38,
    0x02, 0x00, 0xff, 0xfc, 0x0a, 0x80, 0x32, 0x60, 0xc2, 0x1c, 0x20, 0x80, 0x20, 0x40, 0x27, 0xfc,
    0xf8, 0x00, 0x31, 0x30, 0x7a, 0x18, 0x6e, 0x14, 0xa1, 0x20, 0xa1, 0xe0, 0x20, 0xc0, 0x23, 0xb0,
    0x2c, 0x0c, 0x01, 0x00, 0x11, 0x00, 0x11, 0xf8, 0x11, 0x00, 0x11, 0x00, 0x7f, 0xfc, 0x09, 0x08,
    0x11, 0x10, 0x20, 0x60, 0x41, 0xc0, 0x0f, 0x00, 0x70, 0x00, 0x10, 0x00, 0x3f, 0xf8, 0x20, 0x00,
    0x5f, 0xf0, 0xc0, 0x00, 0xff, 0xe0, 0x00, 0x20, 0x00, 0x20, 0x00, 0x24, 0x00, 0x24, 0x00, 0x14,
    0x00, 0x18, 0x40, 0x00, 0x27, 0xf8, 0x10, 0x00, 0xc0, 0x00, 0x6f, 0xfc, 0x12, 0x00, 0x02, 0x00,
    0x13, 0xf8, 0x30, 0x08, 0x20, 0x08, 0x20, 0x08, 0x41, 0xf0, 0x00, 0x00, 0x21, 0x00, 0x21, 0x00,
    0xff, 0xf0, 0x21, 0x10, 0x3f, 0x10, 0xe3, 0x94, 0x22, 0xd4, 0xec, 0x0c, 0x00, 0x00, 0x48, 0x90,
    0xcc, 0xc8, 0x84, 0x44, 0x00, 0x00, 0x11, 0x00, 0x51, 0x00, 0x53, 0xfc, 0x7a, 0xa4, 0x94, 0xa8,
    0x94, 0xa8, 0x1d, 0x48, 0x71, 0x48, 0xd2, 0x88, 0x15, 0x88, 0x13, 0x08, 0x14, 0xf0, 0x00, 0x00,
    0x10, 0xb0, 0x10, 0x88, 0x90, 0x80, 0xdf, 0xf8, 0x50, 0x80, 0x10, 0x80, 0x31, 0x40, 0x51, 0x40,
    0x91, 0x60, 0x12, 0x20, 0x14, 0x10, 0x18, 0x08, 0x20, 0x00, 0x61, 0xf8, 0x7d, 0x08, 0xd1, 0x08,
    0x11, 0x08, 0xfd, 0x08, 0x11, 0x08, 0x19, 0x08, 0x3d, 0x08, 0x25, 0x08, 0x43, 0xf8, 0x81, 0x08,
    0x18, 0x40, 0xe0, 0x40, 0x21, 0x50, 0x23, 0x48, 0xfa, 0x44, 0x22, 0x40, 0x74, 0x48, 0x68, 0x50,
    0xa0, 0x20, 0xa0, 0x40, 0x21, 0x80, 0x2e, 0x00, 0x02, 0x00, 0x01, 0x00, 0x7f, 0xf8, 0x40, 0x08,
    0x4c, 0xc8, 0x30, 0x30, 0xc0, 0x0c, 0x3f, 0xf0, 0x02, 0x00, 0x02, 0x00, 0x02, 0x00, 0x7f, 0xf8,
    0x00, 0x00, 0x10, 0x40, 0x10, 0x60, 0x94, 0x20, 0x5b, 0xfc, 0x10, 0x00, 0xfd, 0x08, 0x11, 0x18,
    0x38, 0x90, 0x74, 0x90, 0xd0, 0xa0, 0x90, 0x20, 0x13, 0xfc, 0x17, 0xf8, 0x24, 0x48, 0x4c, 0x48,
    0x94, 0x48, 0xe4, 0x48, 0x27, 0xf8, 0x44, 0x48, 0xf4, 0x48, 0x04, 0x48, 0x34, 0x48, 0xc7, 0xf8,
    0x04, 0x08, 0x04, 0x00, 0x04, 0x10, 0x7f, 0xe0, 0x04, 0xc0, 0xff, 0xf8, 0x06, 0x00, 0x0f, 0xf0,
    0x34, 0x00, 0xcf, 0xe0, 0x00, 0x20, 0x00, 0x20, 0x07, 0xc0, 0x00, 0x00, 0x02, 0x00, 0x01, 0x00,
    0x3f, 0xf0, 0x20, 0x10, 0x3f, 0xf0, 0x20, 0x10, 0x3f, 0xf0, 0x22, 0x08, 0x21, 0x30, 0x26, 0xc0,
    0x3c, 0x60, 0x60, 0x1c, 0x00, 0x00, 0x08, 0x40, 0x7f, 0xfc, 0x08, 0x40, 0x30, 0x00, 0x0b, 0xf0,
    0x42, 0x10, 0x22, 0x10, 0x02, 0x10, 0x12, 0xe4, 0x22, 0x04, 0x22, 0x04, 0x43, 0xf8, 0x00, 0x00,
    0x13, 0xf8, 0x20, 0x00, 0x40, 0x00, 0x88, 0x00, 0x17, 0xfc, 0x20, 0x20, 0x60, 0x20, 0xa0, 0x20,
    0x20, 0x20, 0x20, 0x20, 0x20, 0x20, 0x21, 0xe0, 0x00, 0x00, 0x63, 0xf0, 0x32, 0x10, 0x02, 0x10,
    0x04, 0x10, 0xec, 0x1c, 0x20, 0x00, 0x27, 0xf0, 0x24, 0x10, 0x2a, 0x60, 0x31, 0xc0, 0x67, 0x60,
    0x1c, 0x1c, 0x67, 0xf8, 0x34, 0x08, 0x07, 0xf8, 0x04, 0x08, 0xe0, 0x00, 0x2f, 0xfc, 0x20, 0x80,
    0x2f, 0xfc, 0x20, 0xc0, 0x29, 0x20, 0x36, 0x30, 0x4c, 0x0c, 0x20, 0x80, 0x21, 0xf0, 0xfb, 0x10,
    0x22, 0x20, 0xfc, 0x20, 0x13, 0xf8, 0x50, 0x08, 0x5d, 0xf8, 0x50, 0x08, 0x73, 0xf8, 0xb0, 0x00,
    0x8f, 0xfc, 0x00, 0x00, 0x23, 0xf0, 0x20, 0x30, 0x78, 0x60, 0x40, 0xe0, 0x53, 0x18, 0x7e, 0x0c,
    0x10, 0x00, 0x13, 0xf8, 0x1c, 0x40, 0x70, 0x40, 0x10, 0x40, 0x17, 0xf8, 0x47, 0xf8, 0x20, 0x00,
    0x10, 0x00, 0x0f, 0xfc, 0xe1, 0x00, 0x22, 0x20, 0x22, 0x10, 0x24, 0x10, 0x27, 0xf8, 0x2c, 0x08,
    0xd0, 0x00, 0x8f, 0xfc, 0x40, 0x38, 0x27, 0xc0, 0x14, 0x00, 0x04, 0x00, 0x07, 0xf8, 0xe7, 0x08,
    0x25, 0xf0, 0x2c, 0x60, 0x29, 0x98, 0x36, 0x0c, 0x50, 0x00, 0x8f, 0xfc, 0x00, 0x00, 0x40, 0x80,
    0x21, 0x00, 0x27, 0xf8, 0x11, 0x00, 0x02, 0x40, 0xe6, 0x40, 0x27, 0xf8, 0x20, 0x40, 0x2f, 0xfc,
    0x20, 0x40, 0x50, 0x40, 0x8f, 0xfc, 0x7f, 0xf8, 0x01, 0x00, 0xff, 0xfc, 0x01, 0x00, 0x3f, 0xf0,
    0x21, 0x10, 0x3f, 0xf0, 0x21, 0x10, 0x3f, 0xf0, 0x01, 0x00, 0x7f, 0xf8, 0x01, 0x00, 0xff, 0xfc,
    0x00, 0x00, 0x20, 0x40, 0x40, 0x40, 0x78, 0x40, 0x83, 0xf8, 0xfa, 0x48, 0x22, 0x48, 0x22, 0x48,
    0xfb, 0xf8, 0x22, 0x48, 0x20, 0x40, 0x28, 0x40, 0x30, 0x40, 0x21, 0x10, 0x27, 0xfc, 0x79, 0x10,
    0x41, 0x10, 0xf7, 0xfc, 0x20, 0x00, 0x23, 0xf8, 0xfa, 0x08, 0x23, 0xf8, 0x2a, 0x08, 0x33, 0xf8,
    0x22, 0x08, 0x00, 0x00, 0x27, 0xf8, 0x10, 0x08, 0x40, 0x08, 0x4f, 0xc8, 0x48, 0x48, 0x4f, 0xc8,
    0x48, 0x48, 0x48, 0x48, 0x4f, 0xc8, 0x48, 0x08, 0x40, 0x08, 0x40, 0x78, 0x00, 0x00, 0xfb, 0xfc,
    0x18, 0x40, 0x70, 0x40, 0x33, 0xf8, 0xfe, 0x08, 0x26, 0x48, 0x2a, 0x48, 0x22, 0x48, 0x22, 0x48,
    0x20, 0xe0, 0x23, 0x38, 0xec, 0x0c, 0x00, 0x00, 0x7d, 0xfc, 0x54, 0x40, 0x54, 0x40, 0x7d, 0xf8,
    0x55, 0x08, 0x55, 0x28, 0x7d, 0x28, 0x11, 0x28, 0xff, 0x28, 0x39, 0x48, 0x34, 0x70, 0xd0, 0x98,
    0x11, 0x00, 0xf0, 0xc0, 0x10, 0xe0, 0x51, 0x20, 0x52, 0x18, 0x55, 0xfc, 0x78, 0x00, 0x0a, 0x88,
    0x3a, 0xd0, 0xc9, 0x50, 0x09, 0x10, 0x08, 0x20, 0x7f, 0xfc, 0x03, 0x00, 0xff, 0xfc, 0x10, 0x20,
    0x1f, 0xe0, 0x10, 0x20, 0x00, 0x00, 0x7f, 0xf8, 0x40, 0x08, 0x4f, 0xc8, 0x48, 0x48, 0x4f, 0xc8,
    0x48, 0x08, 0x40, 0x78, 0x00, 0x00,
};
inline constexpr FontGlyph font14_glyphs[] = {
    {32U, 0U, 0U, 0U, 5U, 0, 0},
    {33U, 0U, 4U, 11U, 5U, 0, 4},
    {34U, 11U, 6U, 11U, 7U, 0, 4},
    {35U, 22U, 9U, 11U, 10U, 0, 4},
    {36U, 44U, 8U, 14U, 9U, 0, 3},
    {37U, 58U, 12U, 11U, 13U, 0, 4},
    {38U, 80U, 12U, 11U, 13U, 0, 4},
    {39U, 102U, 4U, 11U, 5U, 0, 4},
    {40U, 113U, 5U, 13U, 6U, 0, 4},
    {41U, 126U, 5U, 13U, 6U, 0, 4},
    {42U, 139U, 6U, 11U, 7U, 0, 4},
    {43U, 150U, 10U, 8U, 11U, 0, 7},
    {44U, 166U, 3U, 4U, 4U, 0, 13},
    {45U, 170U, 6U, 5U, 7U, 0, 10},
    {46U, 175U, 3U, 2U, 4U, 0, 13},
    {47U, 177U, 8U, 13U, 7U, -1, 4},
    {48U, 190U, 8U, 11U, 9U, 0, 4},
    {49U, 201U, 8U, 11U, 9U, 0, 4},
    {50U, 212U, 8U, 11U, 9U, 0, 4},
    {51U, 223U, 8U, 11U, 9U, 0, 4},
    {52U, 234U, 8U, 11U, 9U, 0, 4},
    {53U, 245U, 8U, 11U, 9U, 0, 4},
    {54U, 256U, 8U, 11U, 9U, 0, 4},
    {55U, 267U, 8U, 11U, 9U, 0, 4},
    {56U, 278U, 8U, 11U, 9U, 0, 4},
    {57U, 289U, 8U, 11U, 9U, 0, 4},
    {58U, 300U, 3U, 8U, 4U, 0, 7},
    {59U, 308U, 3U, 10U, 4U, 0, 7},
    {60U, 318U, 10U, 8U, 11U, 0, 7},
    {61U, 334U, 10U, 7U, 11U, 0, 8},
    {62U, 348U, 10U, 8U, 11U, 0, 7},
    {63U, 364U, 7U, 11U, 8U, 0, 4},
    {64U, 375U, 14U, 12U, 15U, 0, 4},
    {65U, 399U, 10U, 11U, 11U, 0, 4},
    {66U, 421U, 9U, 11U, 10U, 0, 4},
    {67U, 443U, 9U, 11U, 10U, 0, 4},
    {68U, 465U, 11U, 11U, 12U, 0, 4},
    {69U, 487U, 8U, 11U, 9U, 0, 4},
    {70U, 498U, 7U, 11U, 8U, 0, 4},
    {71U, 509U, 10U, 11U, 11U, 0, 4},
    {72U, 531U, 11U, 11U, 12U, 0, 4},
    {73U, 553U, 4U, 11U, 5U, 0, 4},
    {74U, 564U, 6U, 11U, 7U, 0, 4},
    {75U, 575U, 9U, 11U, 10U, 0, 4},
    {76U, 597U, 7U, 11U, 8U, 0, 4},
    {77U, 608U, 14U, 11U, 15U, 0, 4},
    {78U, 630U, 11U, 11U, 12U, 0, 4},
    {79U, 652U, 11U, 11U, 12U, 0, 4},
    {80U, 674U, 9U, 11U, 10U, 0, 4},
    {81U, 696U, 12U, 12U, 12U, 0, 4},
    {82U, 720U, 10U, 11U, 10U, 0, 4},
    {83U, 742U, 8U, 11U, 9U, 0, 4},
    {84U, 753U, 8U, 11U, 9U, 0, 4},
    {85U, 764U, 10U, 11U, 11U, 0, 4},
    {86U, 786U, 10U, 11U, 10U, 0, 4},
    {87U, 808U, 15U, 11U, 15U, 0, 4},
    {88U, 830U, 9U, 11U, 10U, 0, 4},
    {89U, 852U, 9U, 11U, 9U, 0, 4},
    {90U, 874U, 9U, 11U, 10U, 0, 4},
    {91U, 896U, 5U, 13U, 6U, 0, 4},
    {92U, 909U, 8U, 12U, 7U, -1, 4},
    {93U, 921U, 5U, 13U, 6U, 0, 4},
    {94U, 934U, 10U, 11U, 11U, 0, 4},
    {95U, 956U, 7U, 4U, 7U, 0, 15},
    {96U, 960U, 4U, 11U, 5U, 0, 4},
    {97U, 971U, 8U, 8U, 9U, 0, 7},
    {98U, 979U, 9U, 11U, 10U, 0, 4},
    {99U, 1001U, 7U, 8U, 8U, 0, 7},
    {100U, 1009U, 9U, 11U, 10U, 0, 4},
    {101U, 1031U, 8U, 8U, 9U, 0, 7},
    {102U, 1039U, 6U, 11U, 6U, 0, 4},
    {103U, 1050U, 9U, 11U, 10U, 0, 7},
    {104U, 1072U, 9U, 11U, 10U, 0, 4},
    {105U, 1094U, 4U, 11U, 5U, 0, 4},
    {106U, 1105U, 6U, 14U, 5U, -2, 4},
    {107U, 1119U, 8U, 11U, 9U, 0, 4},
    {108U, 1130U, 4U, 11U, 5U, 0, 4},
    {109U, 1141U, 13U, 8U, 14U, 0, 7},
    {110U, 1157U, 9U, 8U, 10U, 0, 7},
    {111U, 1173U, 9U, 8U, 10U, 0, 7},
    {112U, 1189U, 9U, 11U, 10U, 0, 7},
    {113U, 1211U, 9U, 11U, 10U, 0, 7},
    {114U, 1233U, 6U, 9U, 6U, 0, 6},
    {115U, 1242U, 6U, 8U, 7U, 0, 7},
    {116U, 1250U, 5U, 10U, 6U, 0, 5},
    {117U, 1260U, 9U, 8U, 10U, 0, 7},
    {118U, 1276U, 8U, 8U, 8U, 0, 7},
    {119U, 1284U, 11U, 8U, 12U, 0, 7},
    {120U, 1300U, 7U, 8U, 8U, 0, 7},
    {121U, 1308U, 8U, 11U, 8U, 0, 7},
    {122U, 1319U, 7U, 8U, 8U, 0, 7},
    {123U, 1327U, 5U, 13U, 6U, 0, 4},
    {124U, 1340U, 4U, 15U, 5U, 0, 3},
    {125U, 1355U, 5U, 13U, 6U, 0, 4},
    {126U, 1368U, 10U, 6U, 11U, 0, 9},
    {179U, 1380U, 6U, 12U, 7U, 0, 3},
    {956U, 1392U, 9U, 11U, 10U, 0, 7},
    {20005U, 1414U, 14U, 12U, 15U, 0, 4},
    {20013U, 1438U, 14U, 12U, 15U, 0, 4},
    {20214U, 1462U, 14U, 12U, 15U, 0, 4},
    {20248U, 1486U, 14U, 13U, 15U, 0, 4},
    {20256U, 1512U, 14U, 12U, 15U, 0, 4},
    {20272U, 1536U, 14U, 12U, 15U, 0, 4},
    {20302U, 1560U, 14U, 12U, 15U, 0, 4},
    {20998U, 1584U, 14U, 13U, 15U, 0, 4},
    {21069U, 1610U, 14U, 13U, 15U, 0, 4},
    {21183U, 1636U, 14U, 13U, 15U, 0, 4},
    {21442U, 1662U, 14U, 12U, 15U, 0, 4},
    {21516U, 1686U, 14U, 12U, 15U, 0, 4},
    {22120U, 1710U, 14U, 12U, 15U, 0, 4},
    {22238U, 1734U, 14U, 13U, 15U, 0, 4},
    {22260U, 1760U, 14U, 13U, 15U, 0, 4},
    {22266U, 1786U, 14U, 13U, 15U, 0, 4},
    {22343U, 1812U, 14U, 13U, 15U, 0, 4},
    {22791U, 1838U, 14U, 11U, 15U, 0, 4},
    {23567U, 1860U, 14U, 13U, 15U, 0, 4},
    {24050U, 1886U, 14U, 13U, 15U, 0, 4},
    {24103U, 1912U, 14U, 12U, 15U, 0, 4},
    {24179U, 1936U, 14U, 12U, 15U, 0, 4},
    {24230U, 1960U, 14U, 12U, 15U, 0, 4},
    {24320U, 1984U, 14U, 12U, 15U, 0, 4},
    {24403U, 2008U, 14U, 12U, 15U, 0, 4},
    {24577U, 2032U, 14U, 12U, 15U, 0, 4},
    {24863U, 2056U, 14U, 12U, 15U, 0, 4},
    {25454U, 2080U, 14U, 13U, 15U, 0, 4},
    {25509U, 2106U, 14U, 13U, 15U, 0, 4},
    {25928U, 2132U, 14U, 12U, 15U, 0, 4},
    {25968U, 2156U, 14U, 12U, 15U, 0, 4},
    {26029U, 2180U, 14U, 12U, 15U, 0, 4},
    {26080U, 2204U, 14U, 12U, 15U, 0, 4},
    {26102U, 2228U, 14U, 13U, 15U, 0, 4},
    {26126U, 2254U, 14U, 13U, 15U, 0, 4},
    {26368U, 2280U, 14U, 12U, 15U, 0, 4},
    {26377U, 2304U, 14U, 13U, 15U, 0, 4},
    {26410U, 2330U, 14U, 12U, 15U, 0, 4},
    {26579U, 2354U, 14U, 12U, 15U, 0, 4},
    {26657U, 2378U, 14U, 12U, 15U, 0, 4},
    {27493U, 2402U, 14U, 12U, 15U, 0, 4},
    {27668U, 2426U, 14U, 12U, 15U, 0, 4},
    {27745U, 2450U, 14U, 13U, 15U, 0, 4},
    {28909U, 2476U, 14U, 13U, 15U, 0, 4},
    {29289U, 2502U, 14U, 13U, 15U, 0, 4},
    {29366U, 2528U, 14U, 12U, 15U, 0, 4},
    {30693U, 2552U, 14U, 12U, 15U, 0, 4},
    {31186U, 2576U, 14U, 12U, 15U, 0, 4},
    {31354U, 2600U, 14U, 13U, 15U, 0, 4},
    {31890U, 2626U, 14U, 12U, 15U, 0, 4},
    {32454U, 2650U, 14U, 12U, 15U, 0, 4},
    {32771U, 2674U, 14U, 13U, 15U, 0, 4},
    {33391U, 2700U, 14U, 13U, 15U, 0, 4},
    {33539U, 2726U, 14U, 13U, 15U, 0, 4},
    {34892U, 2752U, 14U, 13U, 15U, 0, 4},
    {35774U, 2778U, 14U, 12U, 15U, 0, 4},
    {35823U, 2802U, 14U, 12U, 15U, 0, 4},
    {36235U, 2826U, 14U, 13U, 15U, 0, 4},
    {36731U, 2852U, 14U, 12U, 15U, 0, 4},
    {36816U, 2876U, 14U, 12U, 15U, 0, 4},
    {36820U, 2900U, 14U, 13U, 15U, 0, 4},
    {36830U, 2926U, 14U, 12U, 15U, 0, 4},
    {37325U, 2950U, 14U, 14U, 15U, 0, 2},
    {38047U, 2978U, 14U, 12U, 15U, 0, 4},
    {38169U, 3002U, 14U, 13U, 15U, 0, 4},
    {38388U, 3028U, 14U, 13U, 15U, 0, 4},
    {39044U, 3054U, 14U, 13U, 15U, 0, 4},
    {39063U, 3080U, 14U, 13U, 15U, 0, 4},
    {39564U, 3106U, 14U, 12U, 15U, 0, 4},
    {39640U, 3130U, 14U, 14U, 15U, 0, 3},
};
inline constexpr Font font14{font14_glyphs, sizeof(font14_glyphs) / sizeof(font14_glyphs[0]), font14_bitmap, 19U};

inline constexpr std::uint8_t font18_bitmap[] = {
    0x20, 0x20, 0x20, 0x20, 0x20, 0x20, 0x20, 0x20, 0x20, 0x20, 0x00, 0x00, 0x30, 0x30, 0x24, 0x24,
    0x24, 0x24, 0x00, 0x00, 0x00, 0x00, 0x00, 0x00, 0x00, 0x00, 0x00, 0x00, 0x04, 0x80, 0x04, 0x80,
    0x09, 0x00, 0x09, 0x00, 0x7f, 0xe0, 0x09, 0x00, 0x09, 0x00, 0x12, 0x00, 0xff, 0xc0, 0x12, 0x00,
    0x12, 0x00, 0x24, 0x00, 0x24, 0x00, 0x00, 0x00, 0x06, 0x00, 0x06, 0x00, 0x0f, 0x00, 0x16, 0x80,
    0x36, 0x00, 0x36, 0x00, 0x36, 0x00, 0x3e, 0x00, 0x1e, 0x00, 0x07, 0x80, 0x07, 0x80, 0x06, 0xc0,
    0x06, 0xc0, 0x06, 0xc0, 0x26, 0x80, 0x1f, 0x00, 0x06, 0x00, 0x06, 0x00, 0x3c, 0x08, 0x66, 0x10,
    0x42, 0x20, 0x42, 0x20, 0x42, 0x40, 0x66, 0x80, 0x3c, 0x80, 0x01, 0x3c, 0x01, 0x66, 0x02, 0x42,
    0x04, 0x42, 0x04, 0x42, 0x08, 0x66, 0x10, 0x3c, 0x0f, 0x80, 0x18, 0xc0, 0x18, 0xc0, 0x18, 0xcc,
    0x1d, 0xcc, 0x0f, 0x8c, 0x1f, 0x8c, 0x31, 0xc8, 0x60, 0xc8, 0x60, 0x78, 0x60, 0x30, 0x60, 0x30,
    0x30, 0xd8, 0x1f, 0x8f, 0x20, 0x20, 0x20, 0x20, 0x00, 0x00, 0x00, 0x00, 0x00, 0x00, 0x00, 0x00,
    0x00, 0x00, 0x0c, 0x18, 0x30, 0x30, 0x30, 0x60, 0x60, 0x60, 0x60, 0x60, 0x60, 0x60, 0x30, 0x30,
    0x30, 0x18, 0x0c, 0xc0, 0x60, 0x30, 0x30, 0x30, 0x18, 0x18, 0x18, 0x18, 0x18, 0x18, 0x18, 0x30,
    0x30, 0x30, 0x60, 0xc0, 0x08, 0x08, 0x6b, 0x1c, 0x14, 0x14, 0x22, 0x00, 0x00, 0x00, 0x00, 0x00,
    0x00, 0x00, 0x02, 0x00, 0x02, 0x00, 0x02, 0x00, 0x02, 0x00, 0x3f, 0xe0, 0x02, 0x00, 0x02, 0x00,
    0x02, 0x00, 0x02, 0x00, 0x00, 0x00, 0x60, 0x40, 0xc0, 0xc0, 0x80, 0x7e, 0x00, 0x00, 0x00, 0x00,
    0x00, 0x00, 0x60, 0x60, 0x01, 0x80, 0x03, 0x00, 0x03, 0x00, 0x03, 0x00, 0x06, 0x00, 0x06, 0x00,
    0x06, 0x00, 0x0c, 0x00, 0x0c, 0x00, 0x18, 0x00, 0x18, 0x00, 0x18, 0x00, 0x30, 0x00, 0x30, 0x00,
    0x30, 0x00, 0x60, 0x00, 0x0f, 0x00, 0x31, 0x80, 0x31, 0x80, 0x60, 0xc0, 0x60, 0xc0, 0x60, 0xc0,
    0x60, 0xc0, 0x60, 0xc0, 0x60, 0xc0, 0x60, 0xc0, 0x60, 0xc0, 0x31, 0x80, 0x31, 0x80, 0x1e, 0x00,
    0x02, 0x00, 0x0e, 0x00, 0x36, 0x00, 0x06, 0x00, 0x06, 0x00, 0x06, 0x00, 0x06, 0x00, 0x06, 0x00,
    0x06, 0x00, 0x06, 0x00, 0x06, 0x00, 0x06, 0x00, 0x06, 0x00, 0x06, 0x00, 0x1f, 0x00, 0x31, 0x80,
    0x00, 0xc0, 0x00, 0xc0, 0x00, 0xc0, 0x00, 0xc0, 0x01, 0x80, 0x07, 0x00, 0x0e, 0x00, 0x1c, 0x00,
    0x30, 0x00, 0x60, 0x00, 0x60, 0x00, 0x7f, 0xc0, 0x1e, 0x00, 0x23, 0x80, 0x01, 0x80, 0x01, 0x80,
    0x01, 0x80, 0x03, 0x00, 0x3c, 0x00, 0x03, 0x80, 0x00, 0xc0, 0x00, 0xc0, 0x00, 0xc0, 0x00, 0xc0,
    0x41, 0x80, 0x3e, 0x00, 0x01, 0x80, 0x03, 0x80, 0x07, 0x80, 0x05, 0x80, 0x0d, 0x80, 0x19, 0x80,
    0x31, 0x80, 0x61, 0x80, 0x41, 0x80, 0xff, 0xe0, 0x01, 0x80, 0x01, 0x80, 0x01, 0x80, 0x01, 0x80,
    0x3f, 0x80, 0x30, 0x00, 0x30, 0x00, 0x30, 0x00, 0x30, 0x00, 0x30, 0x00, 0x3f, 0x00, 0x01, 0x80,
    0x00, 0xc0, 0x00, 0xc0, 0x00, 0xc0, 0x00, 0xc0, 0x21, 0x80, 0x3f, 0x00, 0x0f, 0x00, 0x18, 0x80,
    0x30, 0x00, 0x20, 0x00, 0x60, 0x00, 0x6f, 0x00, 0x71, 0x80, 0x60, 0xc0, 0x60, 0xc0, 0x60, 0xc0,
    0x60, 0xc0, 0x20, 0xc0, 0x31, 0x80, 0x1f, 0x00, 0x7f, 0xc0, 0x00, 0x80, 0x01, 0x80, 0x01, 0x00,
    0x03, 0x00, 0x02, 0x00, 0x06, 0x00, 0x06, 0x00, 0x0c, 0x00, 0x0c, 0x00, 0x0c, 0x00, 0x18, 0x00,
    0x18, 0x00, 0x18, 0x00, 0x0f, 0x00, 0x19, 0x80, 0x30, 0xc0, 0x30, 0xc0, 0x30, 0xc0, 0x19, 0x80,
    0x0f, 0x00, 0x31, 0x80, 0x60, 0xc0, 0x60, 0xc0, 0x60, 0xc0, 0x60, 0xc0, 0x31, 0x80, 0x1f, 0x00,
    0x1f, 0x00, 0x31, 0x80, 0x61, 0x80, 0x60, 0xc0, 0x60, 0xc0, 0x60, 0xc0, 0x60, 0xc0, 0x31, 0xc0,
    0x1e, 0xc0, 0x00, 0xc0, 0x00, 0x80, 0x01, 0x80, 0x23, 0x00, 0x1e, 0x00, 0x60, 0x60, 0x00, 0x00,
    0x00, 0x00, 0x00, 0x00, 0x60, 0x60, 0x60, 0x60, 0x00, 0x00, 0x00, 0x00, 0x00, 0x00, 0x60, 0x40,
    0xc0, 0xc0, 0x80, 0x00, 0x20, 0x00, 0xe0, 0x03, 0x80, 0x0e, 0x00, 0x18, 0x00, 0x0e, 0x00, 0x03,
    0x80, 0x00, 0xe0, 0x00, 0x20, 0x00, 0x00, 0x3f, 0xe0, 0x00, 0x00, 0x00, 0x00, 0x00, 0x00, 0x3f,
    0xe0, 0x00, 0x00, 0x00, 0x00, 0x00, 0x00, 0x10, 0x00, 0x1c, 0x00, 0x07, 0x00, 0x01, 0xc0, 0x00,
    0x60, 0x01, 0xc0, 0x07, 0x00, 0x1c, 0x00, 0x10, 0x00, 0x00, 0x00, 0x3e, 0x00, 0x47, 0x00, 0x03,
    0x00, 0x03, 0x00, 0x07, 0x00, 0x06, 0x00, 0x0c, 0x00, 0x18, 0x00, 0x18, 0x00, 0x18, 0x00, 0x00,
    0x00, 0x00, 0x00, 0x18, 0x00, 0x18, 0x00, 0x01, 0xf8, 0x00, 0x06, 0x04, 0x00, 0x08, 0x03, 0x00,
    0x18, 0x01, 0x00, 0x10, 0xf0, 0x80, 0x21, 0x10, 0x80, 0x22, 0x10, 0x80, 0x22, 0x10, 0x80, 0x22,
    0x10, 0x80, 0x22, 0x11, 0x80, 0x23, 0x31, 0x00, 0x11, 0xce, 0x00, 0x10, 0x00, 0x00, 0x08, 0x00,
    0x00, 0x06, 0x04, 0x00, 0x01, 0xf8, 0x00, 0x00, 0x00, 0x00, 0x03, 0x00, 0x07, 0x80, 0x07, 0x80,
    0x0f, 0x80, 0x0c, 0xc0, 0x0c, 0xc0, 0x1c, 0xc0, 0x18, 0x60, 0x38, 0x60, 0x3f, 0xe0, 0x60, 0x30,
    0x60, 0x30, 0x60, 0x30, 0xc0, 0x18, 0x3f, 0x00, 0x31, 0xc0, 0x30, 0xc0, 0x30, 0xc0, 0x30, 0xc0,
    0x31, 0x80, 0x3f, 0x00, 0x30, 0xc0, 0x30, 0x60, 0x30, 0x60, 0x30, 0x60, 0x30, 0x60, 0x30, 0xc0,
    0x3f, 0x80, 0x07, 0xc0, 0x1c, 0x20, 0x38, 0x00, 0x30, 0x00, 0x60, 0x00, 0x60, 0x00, 0x60, 0x00,
    0x60, 0x00, 0x60, 0x00, 0x60, 0x00, 0x30, 0x00, 0x30, 0x00, 0x1c, 0x20, 0x07, 0xc0, 0x3f, 0x80,
    0x30, 0xe0, 0x30, 0x30, 0x30, 0x30, 0x30, 0x18, 0x30, 0x18, 0x30, 0x18, 0x30, 0x18, 0x30, 0x18,
    0x30, 0x18, 0x30, 0x30, 0x30, 0x20, 0x30, 0xc0, 0x3f, 0x80, 0x3f, 0x80, 0x30, 0x00, 0x30, 0x00,
    0x30, 0x00, 0x30, 0x00, 0x30, 0x00, 0x3f, 0x00, 0x30, 0x00, 0x30, 0x00, 0x30, 0x00, 0x30, 0x00,
    0x30, 0x00, 0x30, 0x00, 0x3f, 0x80, 0x3f, 0x80, 0x30, 0x00, 0x30, 0x00, 0x30, 0x00, 0x30, 0x00,
    0x30, 0x00, 0x3f, 0x80, 0x30, 0x00, 0x30, 0x00, 0x30, 0x00, 0x30, 0x00, 0x30, 0x00, 0x30, 0x00,
    0x30, 0x00, 0x07, 0xe0, 0x0c, 0x10, 0x18, 0x00, 0x30, 0x00, 0x60, 0x00, 0x60, 0x00, 0x60, 0x00,
    0x61, 0xf0, 0x60, 0x30, 0x60, 0x30, 0x30, 0x30, 0x30, 0x30, 0x18, 0x30, 0x07, 0xe0, 0x30, 0x18,
    0x30, 0x18, 0x30, 0x18, 0x30, 0x18, 0x30, 0x18, 0x30, 0x18, 0x3f, 0xf8, 0x30, 0x18, 0x30, 0x18,
    0x30, 0x18, 0x30, 0x18, 0x30, 0x18, 0x30, 0x18, 0x30, 0x18, 0x30, 0x30, 0x30, 0x30, 0x30, 0x30,
    0x30, 0x30, 0x30, 0x30, 0x30, 0x30, 0x30, 0x30, 0x0c, 0x0c, 0x0c, 0x0c, 0x0c, 0x0c, 0x0c, 0x0c,
    0x0c, 0x0c, 0x0c, 0x0c, 0x18, 0xf0, 0x30, 0x60, 0x30, 0xc0, 0x31, 0x80, 0x33, 0x00, 0x36, 0x00,
    0x3c, 0x00, 0x38, 0x00, 0x3c, 0x00, 0x34, 0x00, 0x36, 0x00, 0x33, 0x00, 0x31, 0x80, 0x30, 0xc0,
    0x30, 0x60, 0x30, 0x00, 0x30, 0x00, 0x30, 0x00, 0x30, 0x00, 0x30, 0x00, 0x30, 0x00, 0x30, 0x00,
    0x30, 0x00, 0x30, 0x00, 0x30, 0x00, 0x30, 0x00, 0x30, 0x00, 0x30, 0x00, 0x3f, 0x80, 0x38, 0x07,
    0x00, 0x3c, 0x07, 0x00, 0x3c, 0x0f, 0x00, 0x34, 0x0b, 0x00, 0x36, 0x0b, 0x00, 0x32, 0x1b, 0x00,
    0x33, 0x13, 0x00, 0x33, 0x13, 0x00, 0x31, 0xb3, 0x00, 0x31, 0xa3, 0x00, 0x30, 0xa3, 0x00, 0x30,
    0xe3, 0x00, 0x30, 0xc3, 0x00, 0x30, 0x43, 0x00, 0x38, 0x18, 0x3c, 0x18, 0x3c, 0x18, 0x36, 0x18,
    0x36, 0x18, 0x33, 0x18, 0x33, 0x18, 0x31, 0x98, 0x30, 0x98, 0x30, 0xd8, 0x30, 0x58, 0x30, 0x78,
    0x30, 0x38, 0x30, 0x38, 0x07, 0xc0, 0x1c, 0x30, 0x30, 0x18, 0x30, 0x18, 0x60, 0x0c, 0x60, 0x0c,
    0x60, 0x0c, 0x60, 0x0c, 0x60, 0x0c, 0x60, 0x0c, 0x30, 0x18, 0x30, 0x18, 0x18, 0x30, 0x07, 0xc0,
    0x3f, 0x00, 0x31, 0x80, 0x30, 0xc0, 0x30, 0xc0, 0x30, 0xc0, 0x30, 0xc0, 0x31, 0x80, 0x3f, 0x00,
    0x30, 0x00, 0x30, 0x00, 0x30, 0x00, 0x30, 0x00, 0x30, 0x00, 0x30, 0x00, 0x07, 0xc0, 0x1c, 0x30,
    0x30, 0x18, 0x30, 0x18, 0x60, 0x0c, 0x60, 0x0c, 0x60, 0x0c, 0x60, 0x0c, 0x60, 0x0c, 0x60, 0x0c,
    0x30, 0x18, 0x30, 0x18, 0x18, 0x30, 0x07, 0xf0, 0x00, 0x18, 0x00, 0x0c, 0x3f, 0x80, 0x30, 0xc0,
    0x30, 0x60, 0x30, 0x60, 0x30, 0x60, 0x30, 0x60, 0x30, 0xc0, 0x3f, 0x80, 0x31, 0x80, 0x30, 0xc0,
    0x30, 0x60, 0x30, 0x60, 0x30, 0x30, 0x30, 0x10, 0x1e, 0x00, 0x31, 0x00, 0x60, 0x00, 0x60, 0x00,
    0x60, 0x00, 0x70, 0x00, 0x3c, 0x00, 0x0f, 0x00, 0x07, 0x00, 0x01, 0x80, 0x01, 0x80, 0x01, 0x80,
    0x43, 0x00, 0x3e, 0x00, 0xff, 0xc0, 0x0c, 0x00, 0x0c, 0x00, 0x0c, 0x00, 0x0c, 0x00, 0x0c, 0x00,
    0x0c, 0x00, 0x0c, 0x00, 0x0c, 0x00, 0x0c, 0x00, 0x0c, 0x00, 0x0c, 0x00, 0x0c, 0x00, 0x0c, 0x00,
    0x30, 0x30, 0x30, 0x30, 0x30, 0x30, 0x30, 0x30, 0x30, 0x30, 0x30, 0x30, 0x30, 0x30, 0x30, 0x30,
    0x30, 0x30, 0x30, 0x30, 0x30, 0x30, 0x18, 0x20, 0x18, 0x60, 0x0f, 0x80, 0xc0, 0x30, 0x60, 0x60,
    0x60, 0x60, 0x60, 0x60, 0x30, 0xc0, 0x30, 0xc0, 0x30, 0xc0, 0x19, 0x80, 0x19, 0x80, 0x19, 0x80,
    0x0f, 0x00, 0x0f, 0x00, 0x0f, 0x00, 0x06, 0x00, 0xc0, 0xc0, 0xc0, 0xc0, 0xc0, 0xc0, 0x61, 0xe1,
    0x80, 0x61, 0xe1, 0x80, 0x61, 0x61, 0x80, 0x21, 0x21, 0x00, 0x33, 0x33, 0x00, 0x33, 0x33, 0x00,
    0x32, 0x13, 0x00, 0x1a, 0x12, 0x00, 0x1e, 0x1e, 0x00, 0x1e, 0x1e, 0x00, 0x0c, 0x0c, 0x00, 0x0c,
    0x0c, 0x00, 0xc0, 0x30, 0x60, 0x60, 0x30, 0xc0, 0x11, 0x80, 0x19, 0x80, 0x0f, 0x00, 0x06, 0x00,
    0x06, 0x00, 0x0f, 0x00, 0x19, 0x80, 0x38, 0x80, 0x30, 0xc0, 0x60, 0x60, 0xc0, 0x30, 0xc0, 0x60,
    0x60, 0xc0, 0x60, 0xc0, 0x30, 0x80, 0x39, 0x80, 0x19, 0x80, 0x1f, 0x00, 0x0f, 0x00, 0x06, 0x00,
    0x06, 0x00, 0x06, 0x00, 0x06, 0x00, 0x06, 0x00, 0x06, 0x00, 0x00, 0xc0, 0x01, 0x80, 0x03, 0x80,
    0x03, 0x00, 0x07, 0x00, 0x06, 0x00, 0x0c, 0x00, 0x1c, 0x00, 0x18, 0x00, 0x38, 0x00, 0x30, 0x00,
    0x60, 0x00, 0xff, 0xe0, 0x00, 0x00, 0x3c, 0x30, 0x30, 0x30, 0x30, 0x30, 0x30, 0x30, 0x30, 0x30,
    0x30, 0x30, 0x30, 0x30, 0x30, 0x30, 0x3c, 0x60, 0x00, 0x60, 0x00, 0x30, 0x00, 0x30, 0x00, 0x30,
    0x00, 0x18, 0x00, 0x18, 0x00, 0x18, 0x00, 0x0c, 0x00, 0x0c, 0x00, 0x0c, 0x00, 0x06, 0x00, 0x06,
    0x00, 0x06, 0x00, 0x03, 0x00, 0x03, 0x00, 0x78, 0x18, 0x18, 0x18, 0x18, 0x18, 0x18, 0x18, 0x18,
    0x18, 0x18, 0x18, 0x18, 0x18, 0x18, 0x18, 0x78, 0x02, 0x00, 0x07, 0x00, 0x05, 0x00, 0x0d, 0x80,
    0x08, 0x80, 0x18, 0xc0, 0x18, 0xc0, 0x30, 0x60, 0x00, 0x00, 0x00, 0x00, 0x00, 0x00, 0x00, 0x00,
    0x00, 0x00, 0x00, 0x00, 0x00, 0x00, 0x00, 0x00, 0x00, 0x00, 0x00, 0x00, 0xff, 0x00, 0x60, 0x30,
    0x10, 0x00, 0x00, 0x00, 0x00, 0x00, 0x00, 0x00, 0x00, 0x00, 0x00, 0x00, 0x00, 0x1f, 0x00, 0x23,
    0x80, 0x01, 0x80, 0x03, 0x80, 0x3f, 0x80, 0x79, 0x80, 0x61, 0x80, 0x61, 0x80, 0x63, 0x80, 0x3d,
    0x80, 0x30, 0x00, 0x30, 0x00, 0x30, 0x00, 0x30, 0x00, 0x37, 0x80, 0x38, 0xc0, 0x30, 0x60, 0x30,
    0x60, 0x30, 0x60, 0x30, 0x60, 0x30, 0x60, 0x30, 0xc0, 0x38, 0xc0, 0x37, 0x80, 0x0e, 0x00, 0x31,
    0x00, 0x30, 0x00, 0x60, 0x00, 0x60, 0x00, 0x60, 0x00, 0x60, 0x00, 0x60, 0x00, 0x31, 0x00, 0x1e,
    0x00, 0x00, 0x60, 0x00, 0x60, 0x00, 0x60, 0x00, 0x60, 0x0f, 0x60, 0x30, 0xe0, 0x30, 0x60, 0x60,
    0x60, 0x60, 0x60, 0x60, 0x60, 0x60, 0x60, 0x70, 0x60, 0x30, 0xe0, 0x1f, 0x60, 0x0f, 0x00, 0x31,
    0x80, 0x20, 0xc0, 0x60, 0xc0, 0x7f, 0xc0, 0x60, 0x00, 0x60, 0x00, 0x70, 0x00, 0x30, 0x80, 0x1f,
    0x00, 0x1e, 0x30, 0x30, 0x30, 0xfe, 0x30, 0x30, 0x30, 0x30, 0x30, 0x30, 0x30, 0x30, 0x30, 0x0f,
    0x60, 0x30, 0xe0, 0x30, 0x60, 0x60, 0x60, 0x60, 0x60, 0x60, 0x60, 0x60, 0x60, 0x70, 0x60, 0x30,
    0xe0, 0x1f, 0x60, 0x00, 0x60, 0x00, 0x40, 0x20, 0xc0, 0x1f, 0x00, 0x30, 0x00, 0x30, 0x00, 0x30,
    0x00, 0x30, 0x00, 0x37, 0x80, 0x39, 0xc0, 0x30, 0xc0, 0x30, 0xc0, 0x30, 0xc0, 0x30, 0xc0, 0x30,
    0xc0, 0x30, 0xc0, 0x30, 0xc0, 0x30, 0xc0, 0x60, 0x60, 0x00, 0x00, 0x60, 0x60, 0x60, 0x60, 0x60,
    0x60, 0x60, 0x60, 0x60, 0x60, 0x18, 0x18, 0x00, 0x00, 0x18, 0x18, 0x18, 0x18, 0x18, 0x18, 0x18,
    0x18, 0x18, 0x18, 0x18, 0x18, 0x30, 0xe0, 0x30, 0x00, 0x30, 0x00, 0x30, 0x00, 0x30, 0x00, 0x30,
    0xc0, 0x31, 0x80, 0x33, 0x00, 0x36, 0x00, 0x3c, 0x00, 0x3c, 0x00, 0x36, 0x00, 0x33, 0x00, 0x31,
    0x80, 0x30, 0xc0, 0x30, 0x30, 0x30, 0x30, 0x30, 0x30, 0x30, 0x30, 0x30, 0x30, 0x30, 0x30, 0x30,
    0x30, 0x37, 0x9e, 0x00, 0x39, 0xe7, 0x00, 0x30, 0xc3, 0x00, 0x30, 0xc3, 0x00, 0x30, 0xc3, 0x00,
    0x30, 0xc3, 0x00, 0x30, 0xc3, 0x00, 0x30, 0xc3, 0x00, 0x30, 0xc3, 0x00, 0x30, 0xc3, 0x00, 0x37,
    0x80, 0x39, 0xc0, 0x30, 0xc0, 0x30, 0xc0, 0x30, 0xc0, 0x30, 0xc0, 0x30, 0xc0, 0x30, 0xc0, 0x30,
    0xc0, 0x30, 0xc0, 0x0f, 0x80, 0x30, 0xc0, 0x30, 0x60, 0x60, 0x60, 0x60, 0x60, 0x60, 0x60, 0x60,
    0x60, 0x30, 0x40, 0x30, 0xc0, 0x0f, 0x00, 0x37, 0x80, 0x38, 0xc0, 0x30, 0x60, 0x30, 0x60, 0x30,
    0x60, 0x30, 0x60, 0x30, 0x60, 0x30, 0xc0, 0x38, 0xc0, 0x37, 0x80, 0x30, 0x00, 0x30, 0x00, 0x30,
    0x00, 0x30, 0x00, 0x0f, 0x60, 0x30, 0xe0, 0x30, 0x60, 0x60, 0x60, 0x60, 0x60, 0x60, 0x60, 0x60,
    0x60, 0x60, 0x60, 0x30, 0xe0, 0x1f, 0x60, 0x00, 0x60, 0x00, 0x60, 0x00, 0x60, 0x00, 0x60, 0x36,
    0x38, 0x30, 0x30, 0x30, 0x30, 0x30, 0x30, 0x30, 0x30, 0x1e, 0x21, 0x60, 0x60, 0x78, 0x3e, 0x0f,
    0x03, 0x43, 0x3c, 0x30, 0x30, 0x30, 0xfc, 0x30, 0x30, 0x30, 0x30, 0x30, 0x30, 0x30, 0x30, 0x1c,
    0x60, 0xc0, 0x60, 0xc0, 0x60, 0xc0, 0x60, 0xc0, 0x60, 0xc0, 0x60, 0xc0, 0x60, 0xc0, 0x60, 0xc0,
    0x31, 0xc0, 0x1e, 0xc0, 0xc1, 0x80, 0xc3, 0x00, 0x63, 0x00, 0x63, 0x00, 0x66, 0x00, 0x26, 0x00,
    0x34, 0x00, 0x3c, 0x00, 0x1c, 0x00, 0x18, 0x00, 0xc3, 0x0c, 0xc3, 0x0c, 0x67, 0x98, 0x67, 0x98,
    0x64, 0x98, 0x24, 0x90, 0x3c, 0xf0, 0x3c, 0xf0, 0x18, 0x60, 0x18, 0x60, 0xc1, 0x80, 0x63, 0x00,
    0x26, 0x00, 0x36, 0x00, 0x1c, 0x00, 0x1c, 0x00, 0x34, 0x00, 0x36, 0x00, 0x63, 0x00, 0xc1, 0x80,
    0xc0, 0xc0, 0x61, 0x80, 0x61, 0x80, 0x61, 0x00, 0x33, 0x00, 0x33, 0x00, 0x12, 0x00, 0x1e, 0x00,
    0x0c, 0x00, 0x0c, 0x00, 0x08, 0x00, 0x18, 0x00, 0x10, 0x00, 0xe0, 0x00, 0x7f, 0x80, 0x03, 0x00,
    0x06, 0x00, 0x06, 0x00, 0x0c, 0x00, 0x18, 0x00, 0x30, 0x00, 0x30, 0x00, 0x60, 0x00, 0xff, 0x80,
    0x1c, 0x38, 0x30, 0x30, 0x30, 0x30, 0x30, 0x30, 0x60, 0x30, 0x30, 0x30, 0x30, 0x30, 0x30, 0x30,
    0x1c, 0x30, 0x30, 0x30, 0x30, 0x30, 0x30, 0x30, 0x30, 0x30, 0x30, 0x30, 0x30, 0x30, 0x30, 0x30,
    0x30, 0x30, 0x30, 0x30, 0xe0, 0x70, 0x30, 0x30, 0x30, 0x30, 0x30, 0x30, 0x18, 0x30, 0x30, 0x30,
    0x30, 0x30, 0x30, 0x30, 0xe0, 0x1c, 0x20, 0x27, 0x20, 0x21, 0xc0, 0x00, 0x00, 0x00, 0x00, 0x00,
    0x00, 0x00, 0x00, 0x38, 0x44, 0x04, 0x38, 0x04, 0x04, 0x44, 0x78, 0x00, 0x00, 0x00, 0x00, 0x00,
    0x00, 0x30, 0xc0, 0x30, 0xc0, 0x30, 0xc0, 0x30, 0xc0, 0x30, 0xc0, 0x30, 0xc0, 0x30, 0xc0, 0x30,
    0xc0, 0x39, 0xc0, 0x3e, 0xc0, 0x30, 0x00, 0x30, 0x00, 0x30, 0x00, 0x30, 0x00, 0x7f, 0xff, 0x80,
    0x02, 0x10, 0x00, 0x22, 0x11, 0x00, 0x12, 0x12, 0x00, 0x0a, 0x14, 0x00, 0x02, 0x10, 0x00, 0x3f,
    0xff, 0x80, 0x20, 0x00, 0x00, 0x20, 0x00, 0x00, 0x20, 0x00, 0x00, 0x20, 0x00, 0x00, 0x20, 0x00,
    0x00, 0x40, 0x00, 0x00, 0x40, 0x00, 0x00, 0x40, 0x00, 0x00, 0x80, 0x00, 0x00, 0x00, 0x80, 0x00,
    0x00, 0x80, 0x00, 0x00, 0x80, 0x00, 0x00, 0x80, 0x00, 0x7f, 0xff, 0x00, 0x40, 0x81, 0x00, 0x40,
    0x81, 0x00, 0x40, 0x81, 0x00, 0x40, 0x81, 0x00, 0x40, 0x81, 0x00, 0x7f, 0xff, 0x00, 0x40, 0x81,
    0x00, 0x00, 0x80, 0x00, 0x00, 0x80, 0x00, 0x00, 0x80, 0x00, 0x00, 0x80, 0x00, 0x00, 0x80, 0x00,
    0x08, 0x08, 0x00, 0x08, 0x88, 0x00, 0x10, 0x88, 0x00, 0x11, 0x88, 0x00, 0x31, 0xff, 0x80, 0x31,
    0x08, 0x00, 0x71, 0x08, 0x00, 0x72, 0x08, 0x00, 0xd2, 0x08, 0x00, 0x90, 0x08, 0x00, 0x13, 0xff,
    0xc0, 0x10, 0x08, 0x00, 0x10, 0x08, 0x00, 0x10, 0x08, 0x00, 0x10, 0x08, 0x00, 0x10, 0x08, 0x00,
    0x10, 0x08, 0x00, 0x04, 0x48, 0x00, 0x0c, 0x44, 0x00, 0x08, 0x42, 0x00, 0x08, 0x40, 0x00, 0x17,
    0xff, 0x80, 0x10, 0x50, 0x00, 0x30, 0x50, 0x00, 0x70, 0x50, 0x00, 0x50, 0x90, 0x00, 0x10, 0x90,
    0x00, 0x10, 0x90, 0x00, 0x11, 0x90, 0x80, 0x11, 0x10, 0x80, 0x13, 0x10, 0x80, 0x12, 0x10, 0x80,
    0x14, 0x1f, 0x00, 0x1c, 0x00, 0x00, 0x08, 0x10, 0x00, 0x08, 0x10, 0x00, 0x13, 0xff, 0x80, 0x10,
    0x20, 0x00, 0x30, 0x40, 0x00, 0x37, 0xff, 0xc0, 0x70, 0x40, 0x00, 0x50, 0x80, 0x00, 0xd0, 0x80,
    0x00, 0x90, 0xff, 0x80, 0x10, 0x01, 0x80, 0x10, 0x03, 0x00, 0x11, 0x86, 0x00, 0x10, 0xcc, 0x00,
    0x10, 0x38, 0x00, 0x10, 0x0c, 0x00, 0x10, 0x06, 0x00, 0x08, 0x10, 0x00, 0x08, 0x10, 0x00, 0x10,
    0x10, 0x00, 0x10, 0x10, 0x00, 0x37, 0xff, 0x80, 0x30, 0x10, 0x00, 0x70, 0x10, 0x00, 0x70, 0x10,
    0x00, 0xd0, 0x10, 0x00, 0x91, 0xff, 0x00, 0x11, 0x01, 0x00, 0x11, 0x01, 0x00, 0x11, 0x01, 0x00,
    0x11, 0x01, 0x00, 0x11, 0x01, 0x00, 0x11, 0xff, 0x00, 0x11, 0x01, 0x00, 0x00, 0x00, 0x00, 0x08,
    0x07, 0x80, 0x1b, 0xfc, 0x00, 0x12, 0x10, 0x00, 0x12, 0x10, 0x00, 0x22, 0x10, 0x00, 0x22, 0x10,
    0x00, 0x63, 0xff, 0xc0, 0xa2, 0x10, 0x00, 0xa2, 0x10, 0x00, 0x22, 0x08, 0x00, 0x22, 0x08, 0x00,
    0x22, 0x08, 0x40, 0x22, 0x2c, 0x40, 0x22, 0xc4, 0x40, 0x23, 0x32, 0x40, 0x26, 0x19, 0x80, 0x02,
    0x20, 0x00, 0x06, 0x30, 0x00, 0x04, 0x10, 0x00, 0x08, 0x08, 0x00, 0x18, 0x0c, 0x00, 0x30, 0x06,
    0x00, 0x60, 0x01, 0x80, 0xc0, 0x00, 0xc0, 0x3f, 0xfc, 0x00, 0x02, 0x04, 0x00, 0x02, 0x04, 0x00,
    0x02, 0x04, 0x00, 0x04, 0x04, 0x00, 0x04, 0x04, 0x00, 0x08, 0x0c, 0x00, 0x11, 0xf8, 0x00, 0x60,
    0x00, 0x00, 0x04, 0x08, 0x00, 0x06, 0x08, 0x00, 0x03, 0x18, 0x00, 0x7f, 0xff, 0x80, 0x00, 0x00,
    0x00, 0x3f, 0x89, 0x00, 0x20, 0x89, 0x00, 0x20, 0x89, 0x00, 0x3f, 0x89, 0x00, 0x20, 0x89, 0x00,
    0x20, 0x89, 0x00, 0x3f, 0x89, 0x00, 0x20, 0x89, 0x00, 0x20, 0x81, 0x00, 0x20, 0x81, 0x00, 0x27,
    0x8f, 0x00, 0x00, 0x00, 0x00, 0x08, 0x20, 0x00, 0x08, 0x20, 0x00, 0x7f, 0xfe, 0x00, 0x08, 0x22,
    0x00, 0x08, 0xa2, 0x00, 0x0f, 0x62, 0x40, 0x78, 0xf2, 0x40, 0x09, 0x8a, 0x40, 0x3b, 0x01, 0x80,
    0x01, 0x00, 0x00, 0x01, 0x00, 0x00, 0x3f, 0xff, 0x00, 0x01, 0x01, 0x00, 0x02, 0x01, 0x00, 0x06,
    0x01, 0x00, 0x1c, 0x7e, 0x00, 0x70, 0x00, 0x00, 0x00, 0x80, 0x00, 0x03, 0x10, 0x00, 0x06, 0x18,
    0x00, 0x08, 0x0c, 0x00, 0x3f, 0xfe, 0x00, 0x01, 0x84, 0x00, 0x7f, 0xff, 0x80, 0x06, 0x10, 0x00,
    0x0c, 0x68, 0x00, 0x19, 0xc4, 0x00, 0x67, 0x1b, 0x00, 0xd8, 0x71, 0x80, 0x03, 0xc6, 0x00, 0x3e,
    0x0c, 0x00, 0x00, 0x70, 0x00, 0x03, 0x80, 0x00, 0x3c, 0x00, 0x00, 0x3f, 0xff, 0x00, 0x20, 0x01,
    0x00, 0x20, 0x01, 0x00, 0x20, 0x01, 0x00, 0x2f, 0xfd, 0x00, 0x20, 0x01, 0x00, 0x20, 0x01, 0x00,
    0x23, 0xf1, 0x00, 0x22, 0x11, 0x00, 0x22, 0x11, 0x00, 0x22, 0x11, 0x00, 0x23, 0xf1, 0x00, 0x22,
    0x01, 0x00, 0x20, 0x01, 0x00, 0x20, 0x01, 0x00, 0x20, 0x1f, 0x00, 0x3f, 0x3f, 0x00, 0x21, 0x21,
    0x00, 0x21, 0x21, 0x00, 0x3f, 0x3f, 0x00, 0x21, 0x21, 0x00, 0x00, 0x4c, 0x00, 0x7f, 0xff, 0xc0,
    0x00, 0xa0, 0x00, 0x03, 0x10, 0x00, 0x1c, 0x0c, 0x00, 0xf0, 0x03, 0xc0, 0x3f, 0x3f, 0x00, 0x21,
    0x21, 0x00, 0x21, 0x21, 0x00, 0x3f, 0x3f, 0x00, 0x21, 0x21, 0x00, 0x7f, 0xff, 0x00, 0x40, 0x01,
    0x00, 0x40, 0x01, 0x00, 0x40, 0x01, 0x00, 0x47, 0xf1, 0x00, 0x44, 0x11, 0x00, 0x44, 0x11, 0x00,
    0x44, 0x11, 0x00, 0x44, 0x11, 0x00, 0x44, 0x11, 0x00, 0x47, 0xf1, 0x00, 0x44, 0x11, 0x00, 0x40,
    0x01, 0x00, 0x40, 0x01, 0x00, 0x7f, 0xff, 0x00, 0x40, 0x01, 0x00, 0x7f, 0xff, 0x00, 0x40, 0x01,
    0x00, 0x40, 0x81, 0x00, 0x5f, 0xfd, 0x00, 0x40, 0x81, 0x00, 0x4f, 0xf9, 0x00, 0x40, 0x81, 0x00,
    0x5f, 0xf9, 0x00, 0x40, 0x89, 0x00, 0x40, 0x89, 0x00, 0x40, 0x89, 0x00, 0x40, 0xb9, 0x00, 0x40,
    0x81, 0x00, 0x40, 0x01, 0x00, 0x7f, 0xff, 0x00, 0x40, 0x01, 0x00, 0x7f, 0xff, 0x00, 0x40, 0x01,
    0x00, 0x40, 0x81, 0x00, 0x40, 0x81, 0x00, 0x5f, 0xfd, 0x00, 0x40, 0x81, 0x00, 0x40, 0x81, 0x00,
    0x47, 0xf1, 0x00, 0x44, 0x11, 0x00, 0x44, 0x11, 0x00, 0x44, 0x11, 0x00, 0x47, 0xf1, 0x00, 0x44,
    0x11, 0x00, 0x40, 0x01, 0x00, 0x7f, 0xff, 0x00, 0x40, 0x01, 0x00, 0x10, 0x20, 0x00, 0x10, 0x60,
    0x00, 0x10, 0x40, 0x00, 0x10, 0xff, 0x00, 0x10, 0x81, 0x00, 0xfd, 0x01, 0x00, 0x11, 0x41, 0x00,
    0x12, 0x21, 0x00, 0x10, 0x11, 0x00, 0x10, 0x05, 0x00, 0x10, 0x39, 0x00, 0x16, 0xe1, 0x00, 0x39,
    0x81, 0x00, 0xc0, 0x01, 0x00, 0x00, 0x01, 0x00, 0x00, 0x3e, 0x00, 0x00, 0x00, 0x00, 0x02, 0x00,
    0x00, 0x04, 0x00, 0x00, 0x0f, 0xfe, 0x00, 0x3c, 0x06, 0x00, 0x66, 0x1c, 0x00, 0xc3, 0xf0, 0x00,
    0x01, 0xe0, 0x00, 0x0e, 0x1c, 0x00, 0xf0, 0x03, 0xc0, 0x1f, 0xfe, 0x00, 0x10, 0x42, 0x00, 0x10,
    0x42, 0x00, 0x1f, 0xfe, 0x00, 0x10, 0x42, 0x00, 0x10, 0x42, 0x00, 0x1f, 0xfe, 0x00, 0x10, 0x02,
    0x00, 0x00, 0x40, 0x00, 0x00, 0x40, 0x00, 0x00, 0x40, 0x00, 0x00, 0x40, 0x00, 0x08, 0x44, 0x00,
    0x18, 0x46, 0x00, 0x10, 0x42, 0x00, 0x10, 0x43, 0x00, 0x20, 0x41, 0x00, 0x20, 0x41, 0x80, 0x40,
    0x40, 0x80, 0xc0, 0x40, 0xc0, 0x80, 0x40, 0x40, 0x00, 0x40, 0x00, 0x00, 0x40, 0x00, 0x0f, 0x80,
    0x00, 0x00, 0x00, 0x00, 0x7f, 0xff, 0x00, 0x00, 0x01, 0x00, 0x00, 0x01, 0x00, 0x20, 0x01, 0x00,
    0x20, 0x01, 0x00, 0x20, 0x01, 0x00, 0x3f, 0xff, 0x00, 0x20, 0x01, 0x00, 0x20, 0x00, 0x00, 0x20,
    0x00, 0x00, 0x20, 0x00, 0x40, 0x20, 0x00, 0x40, 0x20, 0x00, 0x40, 0x20, 0x00, 0x80, 0x1f, 0xff,
    0x00, 0x00, 0x00, 0x00, 0x10, 0x10, 0x00, 0x10, 0x10, 0x00, 0x10, 0x1f, 0x80, 0x7e, 0x10, 0x00,
    0x52, 0x10, 0x00, 0x52, 0xff, 0x00, 0x52, 0x81, 0x00, 0x52, 0x89, 0x00, 0x52, 0x89, 0x00, 0x52,
    0x89, 0x00, 0x52, 0x89, 0x00, 0x52, 0x89, 0x00, 0x5e, 0x89, 0x00, 0x10, 0x1c, 0x00, 0x10, 0x26,
    0x00, 0x10, 0xc3, 0x00, 0x13, 0x00, 0x80, 0x7f, 0xff, 0x80, 0x00, 0x40, 0x00, 0x20, 0x41, 0x00,
    0x10, 0x43, 0x00, 0x18, 0x46, 0x00, 0x0c, 0x44, 0x00, 0x04, 0x48, 0x00, 0x00, 0x40, 0x00, 0xff,
    0xff, 0xc0, 0x00, 0x40, 0x00, 0x00, 0x40, 0x00, 0x00, 0x40, 0x00, 0x00, 0x40, 0x00, 0x00, 0x40,
    0x00, 0x00, 0x40, 0x00, 0x00, 0x40, 0x00, 0x00, 0x80, 0x00, 0x00, 0x40, 0x00, 0x3f, 0xff, 0x80,
    0x20, 0x00, 0x00, 0x22, 0x08, 0x00, 0x3f, 0xff, 0x80, 0x22, 0x08, 0x00, 0x23, 0xf8, 0x00, 0x22,
    0x08, 0x00, 0x20, 0x00, 0x00, 0x2f, 0xfe, 0x00, 0x22, 0x0c, 0x00, 0x61, 0x98, 0x00, 0x40, 0xe0,
    0x00, 0x43, 0xf8, 0x00, 0x9c, 0x07, 0x80, 0x7f, 0xff, 0x80, 0x04, 0x08, 0x00, 0x04, 0x08, 0x00,
    0x04, 0x08, 0x00, 0x04, 0x08, 0x00, 0x04, 0x08, 0x00, 0x04, 0x08, 0x00, 0xff, 0xff, 0xc0, 0x04,
    0x08, 0x00, 0x04, 0x08, 0x00, 0x04, 0x08, 0x00, 0x04, 0x08, 0x00, 0x08, 0x08, 0x00, 0x18, 0x08,
    0x00, 0x30, 0x08, 0x00, 0x60, 0x08, 0x00, 0x00, 0x80, 0x00, 0x20, 0x81, 0x00, 0x10, 0x83, 0x00,
    0x18, 0x86, 0x00, 0x0c, 0x84, 0x00, 0x04, 0x88, 0x00, 0x00, 0x80, 0x00, 0x3f, 0xff, 0x00, 0x00,
    0x01, 0x00, 0x00, 0x01, 0x00, 0x00, 0x01, 0x00, 0x3f, 0xff, 0x00, 0x00, 0x01, 0x00, 0x00, 0x01,
    0x00, 0x00, 0x01, 0x00, 0x7f, 0xff, 0x00, 0x00, 0x01, 0x00, 0x00, 0x40, 0x00, 0x00, 0x40, 0x00,
    0x00, 0x40, 0x00, 0x7f, 0xff, 0x80, 0x00, 0xe0, 0x00, 0x01, 0xb0, 0x00, 0x03, 0x1c, 0x00, 0x07,
    0xc7, 0x00, 0x18, 0x61, 0xc0, 0x60, 0x00, 0x00, 0x00, 0x82, 0x00, 0x14, 0x41, 0x00, 0x24, 0x24,
    0x80, 0x24, 0x04, 0x40, 0x44, 0x0c, 0x00, 0x03, 0xf8, 0x00, 0x00, 0x00, 0x00, 0x00, 0x0b, 0x00,
    0x00, 0x09, 0x80, 0x1f, 0xff, 0xc0, 0x10, 0x08, 0x00, 0x17, 0xe8, 0x80, 0x10, 0x09, 0x80, 0x17,
    0xcd, 0x00, 0x14, 0x46, 0x40, 0x14, 0x46, 0x40, 0x27, 0xce, 0x80, 0x24, 0x11, 0x80, 0x40, 0x80,
    0x00, 0x14, 0x41, 0x00, 0x24, 0x24, 0x80, 0x24, 0x04, 0x40, 0x43, 0xf8, 0x00, 0x00, 0x00, 0x00,
    0x10, 0x00, 0x00, 0x11, 0xff, 0x00, 0x11, 0x01, 0x00, 0x7d, 0x01, 0x00, 0x11, 0xff, 0x00, 0x11,
    0x09, 0x00, 0x11, 0x08, 0x00, 0x11, 0xff, 0x80, 0x15, 0x08, 0x00, 0x39, 0x08, 0x00, 0x51, 0x08,
    0x00, 0x11, 0xff, 0x00, 0x11, 0x81, 0x00, 0x12, 0x81, 0x00, 0x12, 0x81, 0x00, 0x16, 0xff, 0x00,
    0x74, 0x81, 0x00, 0x00, 0x00, 0x00, 0x10, 0x10, 0x00, 0x10, 0x18, 0x00, 0x13, 0xff, 0xc0, 0x7c,
    0x81, 0x00, 0x10, 0x42, 0x00, 0x10, 0x24, 0x00, 0x13, 0xff, 0xc0, 0x10, 0x10, 0x00, 0x14, 0x30,
    0x00, 0x38, 0x30, 0x00, 0x53, 0xff, 0xc0, 0x10, 0x42, 0x00, 0x10, 0xc4, 0x00, 0x10, 0x7c, 0x00,
    0x10, 0x1c, 0x00, 0x10, 0xe3, 0x00, 0x77, 0x00, 0xc0, 0x00, 0x00, 0x00, 0x08, 0x10, 0x00, 0x04,
    0x10, 0x00, 0x00, 0x20, 0x00, 0xff, 0xff, 0x80, 0x00, 0x31, 0x00, 0x12, 0x31, 0x00, 0x21, 0x71,
    0x00, 0x41, 0xd1, 0x00, 0x80, 0x9a, 0x00, 0x22, 0x0a, 0x00, 0x1e, 0x0a, 0x00, 0x0c, 0x0e, 0x00,
    0x0c, 0x06, 0x00, 0x16, 0x0a, 0x00, 0x31, 0x13, 0x00, 0x60, 0x61, 0x80, 0xc0, 0xc0, 0xc0, 0x04,
    0x08, 0x00, 0x44, 0x88, 0x00, 0x25, 0x18, 0x00, 0x04, 0x1f, 0x80, 0xff, 0x91, 0x00, 0x0c, 0x31,
    0x00, 0x1e, 0x31, 0x00, 0x67, 0x51, 0x00, 0xc5, 0x13, 0x00, 0x08, 0x1a, 0x00, 0xff, 0x1a, 0x00,
    0x21, 0x0a, 0x00, 0x63, 0x0c, 0x00, 0x32, 0x0e, 0x00, 0x0e, 0x1e, 0x00, 0x1e, 0x33, 0x00, 0x71,
    0x61, 0x00, 0xc0, 0xc0, 0x80, 0x42, 0x03, 0x80, 0x52, 0x7c, 0x00, 0x52, 0xa0, 0x00, 0x4a, 0xa0,
    0x00, 0x4b, 0x20, 0x00, 0x42, 0x20, 0x00, 0x7f, 0xbf, 0x80, 0x46, 0x22, 0x00, 0x47, 0x22, 0x00,
    0x4f, 0x22, 0x00, 0x5b, 0xa2, 0x00, 0x72, 0xa2, 0x00, 0x62, 0x22, 0x00, 0x42, 0x42, 0x00, 0x42,
    0x42, 0x00, 0x7f, 0x42, 0x00, 0x00, 0x82, 0x00, 0x3f, 0xfe, 0x00, 0x00, 0x80, 0x00, 0x00, 0x80,
    0x00, 0x00, 0x80, 0x00, 0x00, 0x80, 0x00, 0x01, 0x00, 0x00, 0xff, 0xff, 0x80, 0x01, 0x00, 0x00,
    0x03, 0x20, 0x00, 0x02, 0x20, 0x00, 0x06, 0x20, 0x00, 0x04, 0x20, 0x80, 0x08, 0x20, 0x80, 0x10,
    0x20, 0x80, 0x60, 0x20, 0x80, 0xc0, 0x1f, 0x00, 0x00, 0x02, 0x00, 0x00, 0x02, 0x00, 0x7e, 0x02,
    0x00, 0x42, 0x02, 0x00, 0x43, 0xff, 0x80, 0x42, 0x02, 0x00, 0x42, 0x02, 0x00, 0x7e, 0x82, 0x00,
    0x42, 0x42, 0x00, 0x42, 0x42, 0x00, 0x42, 0x22, 0x00, 0x42, 0x02, 0x00, 0x42, 0x02, 0x00, 0x7e,
    0x02, 0x00, 0x42, 0x02, 0x00, 0x00, 0x3c, 0x00, 0x00, 0x00, 0x00, 0x00, 0x7f, 0x00, 0x7c, 0x41,
    0x00, 0x44, 0x41, 0x00, 0x44, 0x41, 0x00, 0x44, 0x7f, 0x00, 0x44, 0x41, 0x00, 0x7c, 0x41, 0x00,
    0x44, 0x41, 0x00, 0x44, 0x41, 0x00, 0x44, 0x7f, 0x00, 0x44, 0x41, 0x00, 0x7c, 0x81, 0x00, 0x40,
    0x81, 0x00, 0x01, 0x01, 0x00, 0x02, 0x01, 0x00, 0x04, 0x1f, 0x00, 0x00, 0x00, 0x00, 0x1f, 0xfe,
    0x00, 0x10, 0x02, 0x00, 0x1f, 0xfe, 0x00, 0x10, 0x02, 0x00, 0x1f, 0xfe, 0x00, 0x00, 0x00, 0x00,
    0xff, 0xff, 0x80, 0x21, 0x00, 0x00, 0x3f, 0x7f, 0x00, 0x21, 0x21, 0x00, 0x3f, 0x22, 0x00, 0x21,
    0x12, 0x00, 0x21, 0x0c, 0x00, 0x2f, 0xdc, 0x00, 0xf1, 0x36, 0x00, 0x01, 0xc1, 0x80, 0x01, 0x00,
    0x00, 0x01, 0x00, 0x00, 0x7f, 0xff, 0x80, 0x02, 0x00, 0x00, 0x04, 0x00, 0x00, 0x0f, 0xfe, 0x00,
    0x18, 0x02, 0x00, 0x38, 0x02, 0x00, 0x6f, 0xfe, 0x00, 0xc8, 0x02, 0x00, 0x08, 0x02, 0x00, 0x08,
    0x02, 0x00, 0x0f, 0xfe, 0x00, 0x08, 0x02, 0x00, 0x08, 0x02, 0x00, 0x08, 0x02, 0x00, 0x08, 0x3c,
    0x00, 0x00, 0x00, 0x00, 0x00, 0x80, 0x00, 0x00, 0x80, 0x00, 0x00, 0x80, 0x00, 0x7f, 0xff, 0x00,
    0x00, 0x80, 0x00, 0x00, 0x80, 0x00, 0x00, 0x80, 0x00, 0x00, 0x80, 0x00, 0xff, 0xff, 0x80, 0x01,
    0xc0, 0x00, 0x02, 0xe0, 0x00, 0x06, 0xb0, 0x00, 0x0c, 0x98, 0x00, 0x10, 0x8c, 0x00, 0x60, 0x82,
    0x00, 0xc0, 0x81, 0x80, 0x00, 0x80, 0x00, 0x20, 0x80, 0x00, 0x10, 0x80, 0x00, 0x0b, 0xfc, 0x00,
    0xc0, 0x84, 0x00, 0x30, 0x84, 0x00, 0x01, 0x04, 0x80, 0x05, 0x04, 0x80, 0x1b, 0x04, 0x80, 0x66,
    0x07, 0x00, 0xcc, 0x80, 0x00, 0x00, 0x80, 0x00, 0xff, 0xff, 0x80, 0x03, 0xc0, 0x00, 0x06, 0xa0,
    0x00, 0x08, 0x98, 0x00, 0x30, 0x86, 0x00, 0xc0, 0x81, 0x80, 0x00, 0x80, 0x00, 0x10, 0x10, 0x00,
    0x10, 0x08, 0x00, 0x10, 0x08, 0x00, 0x11, 0xff, 0x80, 0xfc, 0x00, 0x00, 0x10, 0x44, 0x00, 0x18,
    0x82, 0x00, 0x3d, 0x83, 0x00, 0x35, 0x83, 0x80, 0x52, 0xc6, 0x80, 0x50, 0x44, 0x00, 0x90, 0x6c,
    0x00, 0x90, 0x38, 0x00, 0x10, 0x30, 0x00, 0x10, 0x6c, 0x00, 0x11, 0x86, 0x00, 0x16, 0x01, 0x80,
    0x00, 0x40, 0x00, 0x00, 0x40, 0x00, 0x08, 0x40, 0x00, 0x08, 0x7f, 0x00, 0x08, 0x40, 0x00, 0x08,
    0x40, 0x00, 0x08, 0x40, 0x00, 0x7f, 0xff, 0x80, 0x00, 0x00, 0x00, 0x04, 0x41, 0x00, 0x08, 0x42,
    0x00, 0x10, 0x44, 0x00, 0x20, 0x58, 0x00, 0x40, 0x30, 0x00, 0x01, 0xc0, 0x00, 0x0f, 0x00, 0x00,
    0x70, 0x00, 0x00, 0x08, 0x00, 0x00, 0x1f, 0xff, 0x80, 0x10, 0x00, 0x00, 0x20, 0x00, 0x00, 0x2f,
    0xff, 0x00, 0x40, 0x00, 0x00, 0xc0, 0x00, 0x00, 0xbf, 0xfe, 0x00, 0x00, 0x02, 0x00, 0x00, 0x02,
    0x00, 0x00, 0x02, 0x00, 0x00, 0x02, 0x40, 0x00, 0x02, 0x40, 0x00, 0x03, 0x40, 0x00, 0x01, 0x40,
    0x00, 0x01, 0x80, 0x60, 0x00, 0x00, 0x33, 0xff, 0x00, 0x18, 0x00, 0x00, 0x00, 0x00, 0x00, 0x00,
    0x00, 0x00, 0xc7, 0xff, 0x80, 0x60, 0x80, 0x00, 0x30, 0x80, 0x00, 0x01, 0x80, 0x00, 0x01, 0xff,
    0x00, 0x10, 0x01, 0x00, 0x10, 0x01, 0x00, 0x20, 0x01, 0x00, 0x20, 0x01, 0x00, 0x60, 0x02, 0x00,
    0x40, 0x7e, 0x00, 0x00, 0x00, 0x00, 0x08, 0x20, 0x00, 0x08, 0x20, 0x00, 0x08, 0x20, 0x00, 0x7e,
    0xfe, 0x00, 0x08, 0x22, 0x00, 0x08, 0x22, 0x00, 0x0f, 0xa2, 0x00, 0x18, 0xe2, 0x00, 0x68, 0x72,
    0x40, 0x08, 0xda, 0x40, 0x09, 0x82, 0x40, 0x73, 0x01, 0x80, 0x00, 0x00, 0x00, 0x12, 0x21, 0x00,
    0x22, 0x10, 0x80, 0x21, 0x10, 0xc0, 0x41, 0x08, 0x40, 0x00, 0x00, 0x00, 0x08, 0x40, 0x00, 0x08,
    0xc0, 0x00, 0x48, 0x80, 0x00, 0x48, 0xff, 0x80, 0x7d, 0x24, 0x80, 0x89, 0x24, 0x80, 0x8a, 0x24,
    0x80, 0x88, 0x68, 0x80, 0x0e, 0x49, 0x00, 0x38, 0x49, 0x00, 0xc8, 0x99, 0x00, 0x09, 0x11, 0x00,
    0x0a, 0x31, 0x00, 0x08, 0x61, 0x00, 0x08, 0xc1, 0x00, 0x09, 0x9e, 0x00, 0x08, 0x00, 0x00, 0x04,
    0x10, 0x00, 0x04, 0x14, 0x00, 0x04, 0x13, 0x00, 0x44, 0x11, 0x00, 0x24, 0x10, 0x00, 0x35, 0xff,
    0x80, 0x14, 0x10, 0x00, 0x04, 0x10, 0x00, 0x04, 0x38, 0x00, 0x0c, 0x28, 0x00, 0x14, 0x28, 0x00,
    0x24, 0x2c, 0x00, 0x44, 0x44, 0x00, 0x04, 0xc6, 0x00, 0x04, 0x82, 0x00, 0x05, 0x01, 0x00, 0x06,
    0x01, 0x80, 0x20, 0x00, 0x00, 0x20, 0x00, 0x00, 0x60, 0x3f, 0x80, 0x7f, 0xa0, 0x80, 0x48, 0x20,
    0x80, 0xc8, 0x20, 0x80, 0x88, 0x20, 0x80, 0x08, 0x20, 0x80, 0xff, 0xa0, 0x80, 0x08, 0x20, 0x80,
    0x0c, 0x20, 0x80, 0x0c, 0x20, 0x80, 0x12, 0x20, 0x80, 0x13, 0x20, 0x80, 0x21, 0xbf, 0x80, 0x60,
    0xa0, 0x80, 0xc0, 0x20, 0x80, 0x0e, 0x08, 0x00, 0xf0, 0x08, 0x00, 0x10, 0x08, 0x00, 0x10, 0x49,
    0x00, 0x10, 0x48, 0x80, 0xfe, 0x88, 0x80, 0x10, 0x88, 0x40, 0x31, 0x88, 0x40, 0x39, 0x08, 0x00,
    0x34, 0x08, 0x80, 0x52, 0x09, 0x80, 0x50, 0x01, 0x00, 0x90, 0x02, 0x00, 0x90, 0x0c, 0x00, 0x10,
    0x18, 0x00, 0x10, 0x60, 0x00, 0x13, 0x80, 0x00, 0x00, 0x80, 0x00, 0x00, 0x40, 0x00, 0x7f, 0xff,
    0x80, 0x40, 0x00, 0x80, 0x46, 0x30, 0x80, 0x0c, 0x0c, 0x00, 0x30, 0x03, 0x80, 0xc0, 0x00, 0xc0,
    0x00, 0x00, 0x00, 0x3f, 0xff, 0x00, 0x00, 0x80, 0x00, 0x00, 0x80, 0x00, 0x00, 0x80, 0x00, 0x00,
    0x80, 0x00, 0x00, 0x80, 0x00, 0x7f, 0xff, 0x80, 0x00, 0x00, 0x00, 0x10, 0x10, 0x00, 0x91, 0x18,
    0x00, 0x52, 0x08, 0x00, 0x52, 0xff, 0x80, 0x34, 0x00, 0x00, 0x10, 0x81, 0x00, 0xfe, 0x81, 0x00,
    0x10, 0x43, 0x00, 0x30, 0x42, 0x00, 0x3c, 0x42, 0x00, 0x76, 0x42, 0x00, 0x53, 0x22, 0x00, 0xd0,
    0x24, 0x00, 0x90, 0x04, 0x00, 0x10, 0x04, 0x00, 0x13, 0xff, 0x80, 0x10, 0x00, 0x00, 0x08, 0x00,
    0x00, 0x18, 0x00, 0x00, 0x11, 0xff, 0x80, 0x11, 0x08, 0x80, 0x23, 0x08, 0x80, 0x25, 0x08, 0x80,
    0x65, 0x08, 0x80, 0x79, 0x08, 0x80, 0x09, 0xff, 0x80, 0x11, 0x08, 0x80, 0x21, 0x08, 0x80, 0x7d,
    0x08, 0x80, 0x61, 0x08, 0x80, 0x01, 0x08, 0x80, 0x1d, 0x08, 0x80, 0x61, 0xff, 0x80, 0x01, 0x00,
    0x80, 0x00, 0x00, 0x00, 0x01, 0x00, 0x00, 0x01, 0x01, 0x00, 0x3f, 0xf6, 0x00, 0x01, 0x0c, 0x00,
    0x01, 0x10, 0x00, 0xff, 0xff, 0x80, 0x00, 0xc0, 0x00, 0x03, 0x80, 0x00, 0x07, 0xff, 0x00, 0x1d,
    0x00, 0x00, 0x72, 0x00, 0x00, 0xc3, 0xfc, 0x00, 0x00, 0x04, 0x00, 0x00, 0x04, 0x00, 0x00, 0x04,
    0x00, 0x01, 0xf8, 0x00, 0x00, 0x00, 0x00, 0x01, 0x00, 0x00, 0x00, 0x80, 0x00, 0x3f, 0xfe, 0x00,
    0x20, 0x02, 0x00, 0x20, 0x02, 0x00, 0x3f, 0xfe, 0x00, 0x20, 0x02, 0x00, 0x20, 0x02, 0x00, 0x20,
    0x02, 0x00, 0x3f, 0xfe, 0x00, 0x21, 0x02, 0x00, 0x21, 0x03, 0x00, 0x20, 0x86, 0x00, 0x20, 0x58,
    0x00, 0x20, 0x30, 0x00, 0x23, 0x10, 0x00, 0x7c, 0x0c, 0x00, 0x60, 0x03, 0x80, 0x00, 0x00, 0x00,
    0x04, 0x10, 0x00, 0x04, 0x10, 0x00, 0xff, 0xff, 0x80, 0x04, 0x10, 0x00, 0x04, 0x10, 0x00, 0x30,
    0x00, 0x00, 0x19, 0xfe, 0x00, 0x0d, 0x02, 0x00, 0xc1, 0x02, 0x00, 0x61, 0x02, 0x00, 0x31, 0x02,
    0x00, 0x01, 0x02, 0x00, 0x09, 0x3c, 0x00, 0x19, 0x00, 0x80, 0x11, 0x00, 0x80, 0x21, 0x00, 0x80,
    0x61, 0x01, 0x80, 0x40, 0xff, 0x00, 0x00, 0x00, 0x00, 0x04, 0x00, 0x00, 0x0d, 0xff, 0x00, 0x08,
    0x00, 0x00, 0x10, 0x00, 0x00, 0x24, 0x00, 0x00, 0x4c, 0x00, 0x00, 0x08, 0x00, 0x00, 0x13, 0xff,
    0x80, 0x30, 0x04, 0x00, 0x30, 0x04, 0x00, 0x50, 0x04, 0x00, 0x90, 0x04, 0x00, 0x10, 0x04, 0x00,
    0x10, 0x04, 0x00, 0x10, 0x04, 0x00, 0x10, 0x04, 0x00, 0x10, 0x78, 0x00, 0x00, 0x00, 0x00, 0x20,
    0xfe, 0x00, 0x10, 0x82, 0x00, 0x08, 0x82, 0x00, 0x01, 0x82, 0x00, 0x03, 0x03, 0xc0, 0x76, 0x00,
    0x00, 0x10, 0x00, 0x00, 0x13, 0xff, 0x00, 0x10, 0x81, 0x00, 0x10, 0xc2, 0x00, 0x10, 0x46, 0x00,
    0x14, 0x2c, 0x00, 0x1c, 0x38, 0x00, 0x38, 0x6c, 0x00, 0x23, 0x87, 0x00, 0x0e, 0x01, 0xc0, 0x43,
    0xff, 0x00, 0x22, 0x01, 0x00, 0x12, 0x01, 0x00, 0x02, 0x01, 0x00, 0x03, 0xff, 0x00, 0xe2, 0x01,
    0x00, 0x20, 0x00, 0x00, 0x27, 0xff, 0x80, 0x20, 0x20, 0x00, 0x20, 0x20, 0x00, 0x2f, 0xff, 0xc0,
    0x20, 0x30, 0x00, 0x28, 0x48, 0x00, 0x31, 0x8c, 0x00, 0x67, 0x03, 0x80, 0x0c, 0x01, 0xc0, 0x08,
    0x20, 0x00, 0x08, 0x20, 0x00, 0x08, 0x7e, 0x00, 0x7f, 0x82, 0x00, 0x08, 0x84, 0x00, 0x08, 0x7f,
    0x00, 0x7f, 0x81, 0x00, 0x04, 0x01, 0x00, 0x24, 0x7f, 0x00, 0x24, 0x01, 0x00, 0x27, 0x01, 0x00,
    0x24, 0x01, 0x00, 0x24, 0xff, 0x00, 0x54, 0x01, 0x00, 0x4c, 0x00, 0x00, 0x47, 0xff, 0x80, 0x40,
    0x00, 0x00, 0x10, 0x00, 0x00, 0x10, 0xff, 0x00, 0x7e, 0x03, 0x00, 0x20, 0x06, 0x00, 0x28, 0x0c,
    0x00, 0x28, 0x1c, 0x00, 0x48, 0x37, 0x00, 0x48, 0xe1, 0x80, 0x7f, 0x80, 0xc0, 0x08, 0x00, 0x00,
    0x08, 0xff, 0x00, 0x08, 0x08, 0x00, 0x0e, 0x08, 0x00, 0x78, 0x08, 0x00, 0x08, 0x08, 0x00, 0x08,
    0x08, 0x00, 0x09, 0xff, 0xc0, 0x08, 0x00, 0x00, 0x40, 0x00, 0x00, 0x21, 0xff, 0x80, 0x10, 0x00,
    0x00, 0x08, 0x00, 0x00, 0x00, 0x00, 0x00, 0x00, 0x00, 0x00, 0xf7, 0xff, 0xc0, 0x10, 0x60, 0x00,
    0x10, 0x44, 0x00, 0x10, 0xc2, 0x00, 0x10, 0x82, 0x00, 0x11, 0x03, 0x00, 0x13, 0xff, 0x80, 0x13,
    0x00, 0x80, 0x78, 0x00, 0x00, 0xcc, 0x00, 0x00, 0x83, 0xff, 0xc0, 0x40, 0x07, 0x00, 0x23, 0xf8,
    0x00, 0x32, 0x00, 0x00, 0x12, 0x00, 0x00, 0x02, 0x00, 0x00, 0x03, 0xff, 0x00, 0xe2, 0x01, 0x00,
    0x23, 0x82, 0x00, 0x22, 0xc2, 0x00, 0x22, 0x74, 0x00, 0x24, 0x18, 0x00, 0x24, 0x1c, 0x00, 0x2c,
    0x66, 0x00, 0x29, 0xc3, 0x00, 0x63, 0x02, 0x00, 0xd8, 0x00, 0x00, 0x8f, 0xff, 0x80, 0x00, 0x00,
    0x00, 0x40, 0x40, 0x00, 0x20, 0x40, 0x00, 0x37, 0xff, 0x80, 0x10, 0x80, 0x00, 0x01, 0x10, 0x00,
    0x01, 0x10, 0x00, 0xe2, 0x10, 0x00, 0x23, 0xff, 0x80, 0x20, 0x10, 0x00, 0x20, 0x10, 0x00, 0x20,
    0x10, 0x00, 0x2f, 0xff, 0xc0, 0x20, 0x10, 0x00, 0x20, 0x10, 0x00, 0x70, 0x10, 0x00, 0xd8, 0x00,
    0x00, 0x87, 0xff, 0xc0, 0x7f, 0xff, 0x00, 0x00, 0x80, 0x00, 0xff, 0xff, 0x80, 0x00, 0x80, 0x00,
    0x3f, 0xfe, 0x00, 0x20, 0x82, 0x00, 0x3f, 0xfe, 0x00, 0x20, 0x82, 0x00, 0x20, 0x82, 0x00, 0x3f,
    0xfe, 0x00, 0x20, 0x82, 0x00, 0x00, 0x80, 0x00, 0x7f, 0xff, 0x00, 0x00, 0x80, 0x00, 0xff, 0xff,
    0x80, 0x00, 0x00, 0x00, 0x00, 0x00, 0x00, 0x10, 0x08, 0x00, 0x30, 0x08, 0x00, 0x20, 0x08, 0x00,
    0x3e, 0x08, 0x00, 0x40, 0xff, 0x80, 0xc0, 0x88, 0x80, 0xfe, 0x88, 0x80, 0x10, 0x88, 0x80, 0x10,
    0x88, 0x80, 0x10, 0x88, 0x80, 0xfe, 0xff, 0x80, 0x10, 0x88, 0x80, 0x10, 0x08, 0x00, 0x10, 0x08,
    0x00, 0x16, 0x08, 0x00, 0x1c, 0x08, 0x00, 0x30, 0x08, 0x00, 0x10, 0x44, 0x00, 0x10, 0x44, 0x00,
    0x30, 0x44, 0x00, 0x3d, 0xff, 0x00, 0x20, 0x44, 0x00, 0x40, 0x44, 0x00, 0x7d, 0xff, 0x80, 0x10,
    0x00, 0x00, 0x10, 0x00, 0x00, 0x7e, 0xff, 0x00, 0x10, 0x81, 0x00, 0x10, 0x81, 0x00, 0x10, 0xff,
    0x00, 0x12, 0x81, 0x00, 0x1c, 0x81, 0x00, 0x1c, 0xff, 0x00, 0x18, 0x81, 0x00, 0x00, 0x00, 0x00,
    0x20, 0x00, 0x00, 0x13, 0xff, 0x80, 0x08, 0x00, 0x80, 0x40, 0x00, 0x80, 0x40, 0x00, 0x80, 0x47,
    0xf0, 0x80, 0x44, 0x10, 0x80, 0x44, 0x10, 0x80, 0x47, 0xf0, 0x80, 0x44, 0x10, 0x80, 0x44, 0x10,
    0x80, 0x44, 0x10, 0x80, 0x47, 0xf0, 0x80, 0x44, 0x00, 0x80, 0x40, 0x00, 0x80, 0x40, 0x00, 0x80,
    0x40, 0x1f, 0x00, 0x00, 0x00, 0x00, 0x7e, 0xff, 0xc0, 0x06, 0x08, 0x00, 0x24, 0x08, 0x00, 0x1c,
    0x08, 0x00, 0x18, 0x7f, 0x80, 0x0c, 0x40, 0x80, 0x7f, 0x48, 0x80, 0x09, 0x48, 0x80, 0x0b, 0x48,
    0x80, 0x0a, 0x48, 0x80, 0x08, 0x48, 0x80, 0x08, 0x58, 0x80, 0x08, 0x1c, 0x00, 0x08, 0x37, 0x00,
    0x08, 0x41, 0x80, 0x79, 0x80, 0xc0, 0x00, 0x00, 0x00, 0x7f, 0x7f, 0xc0, 0x49, 0x0c, 0x00, 0x49,
    0x08, 0x00, 0x7f, 0x7f, 0x80, 0x49, 0x60, 0x80, 0x49, 0x64, 0x80, 0x7f, 0x64, 0x80, 0x49, 0x64,
    0x80, 0x08, 0x64, 0x80, 0xff, 0xe4, 0x80, 0x18, 0x6c, 0x80, 0x1e, 0x6c, 0x80, 0x2b, 0x7e, 0x00,
    0x68, 0x33, 0x00, 0x48, 0x61, 0x80, 0x08, 0x40, 0x80, 0x00, 0x08, 0x00, 0x7e, 0x18, 0x00, 0x04,
    0x34, 0x00, 0x24, 0x26, 0x00, 0x24, 0x43, 0x00, 0x24, 0x81, 0x80, 0x25, 0x00, 0xc0, 0x24, 0x7f,
    0x00, 0x3e, 0x00, 0x00, 0x02, 0x90, 0x80, 0x02, 0x50, 0x80, 0x1e, 0x49, 0x00, 0x62, 0x69, 0x00,
    0x02, 0x29, 0x00, 0x02, 0x02, 0x00, 0x02, 0x02, 0x00, 0x3d, 0xff, 0xc0, 0x00, 0x00, 0x00, 0x01,
    0x00, 0x00, 0x00, 0x80, 0x00, 0xff, 0xff, 0x80, 0x00, 0x00, 0x00, 0x1f, 0xfc, 0x00, 0x10, 0x04,
    0x00, 0x1f, 0xfc, 0x00, 0x00, 0x00, 0x00, 0x7f, 0xff, 0x00, 0x40, 0x01, 0x00, 0x47, 0xf9, 0x00,
    0x44, 0x09, 0x00, 0x44, 0x09, 0x00, 0x47, 0xf9, 0x00, 0x44, 0x01, 0x00, 0x40, 0x0f, 0x00, 0x00,
    0x00, 0x00,
};
inline constexpr FontGlyph font18_glyphs[] = {
    {32U, 0U, 0U, 0U, 6U, 0, 0},
    {33U, 0U, 6U, 14U, 7U, 0, 6},
    {34U, 14U, 8U, 14U, 9U, 0, 6},
    {35U, 28U, 12U, 14U, 12U, 0, 6},
    {36U, 56U, 11U, 18U, 12U, 0, 4},
    {37U, 92U, 16U, 14U, 17U, 0, 6},
    {38U, 120U, 16U, 14U, 17U, 0, 6},
    {39U, 148U, 5U, 14U, 6U, 0, 6},
    {40U, 162U, 6U, 17U, 7U, 0, 6},
    {41U, 179U, 6U, 17U, 7U, 0, 6},
    {42U, 196U, 8U, 14U, 9U, 0, 6},
    {43U, 210U, 13U, 10U, 14U, 0, 10},
    {44U, 230U, 4U, 5U, 5U, 0, 18},
    {45U, 235U, 8U, 6U, 9U, 0, 14},
    {46U, 241U, 4U, 3U, 5U, 0, 17},
    {47U, 244U, 9U, 16U, 9U, -1, 6},
    {48U, 276U, 11U, 14U, 12U, 0, 6},
    {49U, 304U, 11U, 14U, 12U, 0, 6},
    {50U, 332U, 11U, 14U, 12U, 0, 6},
    {51U, 360U, 11U, 14U, 12U, 0, 6},
    {52U, 388U, 11U, 14U, 12U, 0, 6},
    {53U, 416U, 11U, 14U, 12U, 0, 6},
    {54U, 444U, 11U, 14U, 12U, 0, 6},
    {55U, 472U, 11U, 14U, 12U, 0, 6},
    {56U, 500U, 11U, 14U, 12U, 0, 6},
    {57U, 528U, 11U, 14U, 12U, 0, 6},
    {58U, 556U, 4U, 10U, 5U, 0, 10},
    {59U, 566U, 4U, 13U, 5U, 0, 10},
    {60U, 579U, 13U, 10U, 14U, 0, 10},
    {61U, 599U, 13U, 8U, 14U, 0, 12},
    {62U, 615U, 13U, 10U, 14U, 0, 10},
    {63U, 635U, 9U, 14U, 10U, 0, 6},
    {64U, 663U, 19U, 17U, 20U, 0, 6},
    {65U, 714U, 13U, 14U, 14U, 0, 6},
    {66U, 742U, 11U, 14U, 12U, 0, 6},
    {67U, 770U, 12U, 14U, 13U, 0, 6},
    {68U, 798U, 14U, 14U, 15U, 0, 6},
    {69U, 826U, 10U, 14U, 11U, 0, 6},
    {70U, 854U, 10U, 14U, 11U, 0, 6},
    {71U, 882U, 13U, 14U, 14U, 0, 6},
    {72U, 910U, 14U, 14U, 15U, 0, 6},
    {73U, 938U, 5U, 14U, 6U, 0, 6},
    {74U, 952U, 7U, 14U, 8U, 0, 6},
    {75U, 966U, 12U, 14U, 12U, 0, 6},
    {76U, 994U, 9U, 14U, 10U, 0, 6},
    {77U, 1022U, 18U, 14U, 19U, 0, 6},
    {78U, 1064U, 15U, 14U, 16U, 0, 6},
    {79U, 1092U, 15U, 14U, 16U, 0, 6},
    {80U, 1120U, 11U, 14U, 12U, 0, 6},
    {81U, 1148U, 15U, 16U, 16U, 0, 6},
    {82U, 1180U, 12U, 14U, 13U, 0, 6},
    {83U, 1208U, 10U, 14U, 11U, 0, 6},
    {84U, 1236U, 10U, 14U, 11U, 0, 6},
    {85U, 1264U, 13U, 14U, 14U, 0, 6},
    {86U, 1292U, 13U, 14U, 13U, 0, 6},
    {87U, 1320U, 19U, 14U, 19U, 0, 6},
    {88U, 1362U, 12U, 14U, 13U, 0, 6},
    {89U, 1390U, 11U, 14U, 12U, 0, 6},
    {90U, 1418U, 11U, 14U, 12U, 0, 6},
    {91U, 1446U, 6U, 17U, 7U, 0, 6},
    {92U, 1463U, 9U, 16U, 8U, -1, 6},
    {93U, 1495U, 6U, 17U, 7U, 0, 6},
    {94U, 1512U, 13U, 14U, 14U, 0, 6},
    {95U, 1540U, 9U, 5U, 9U, 0, 20},
    {96U, 1550U, 5U, 15U, 6U, 0, 5},
    {97U, 1565U, 10U, 10U, 11U, 0, 10},
    {98U, 1585U, 12U, 14U, 13U, 0, 6},
    {99U, 1613U, 9U, 10U, 10U, 0, 10},
    {100U, 1633U, 12U, 14U, 13U, 0, 6},
    {101U, 1661U, 10U, 10U, 11U, 0, 10},
    {102U, 1681U, 7U, 14U, 7U, 0, 6},
    {103U, 1695U, 12U, 14U, 13U, 0, 10},
    {104U, 1723U, 11U, 14U, 12U, 0, 6},
    {105U, 1751U, 5U, 14U, 6U, 0, 6},
    {106U, 1765U, 7U, 18U, 6U, -2, 6},
    {107U, 1783U, 10U, 14U, 11U, 0, 6},
    {108U, 1811U, 5U, 14U, 6U, 0, 6},
    {109U, 1825U, 17U, 10U, 18U, 0, 10},
    {110U, 1855U, 11U, 10U, 12U, 0, 10},
    {111U, 1875U, 11U, 10U, 12U, 0, 10},
    {112U, 1895U, 12U, 14U, 13U, 0, 10},
    {113U, 1923U, 12U, 14U, 13U, 0, 10},
    {114U, 1951U, 7U, 10U, 8U, 0, 10},
    {115U, 1961U, 8U, 10U, 9U, 0, 10},
    {116U, 1971U, 7U, 13U, 8U, 0, 7},
    {117U, 1984U, 11U, 10U, 12U, 0, 10},
    {118U, 2004U, 10U, 10U, 10U, 0, 10},
    {119U, 2024U, 14U, 10U, 15U, 0, 10},
    {120U, 2044U, 9U, 10U, 10U, 0, 10},
    {121U, 2064U, 10U, 14U, 11U, 0, 10},
    {122U, 2092U, 9U, 10U, 10U, 0, 10},
    {123U, 2112U, 6U, 17U, 7U, 0, 6},
    {124U, 2129U, 5U, 19U, 6U, 0, 5},
    {125U, 2148U, 6U, 17U, 7U, 0, 6},
    {126U, 2165U, 13U, 7U, 14U, 0, 13},
    {179U, 2179U, 7U, 14U, 8U, 0, 6},
    {956U, 2193U, 11U, 14U, 12U, 0, 10},
    {20005U, 2221U, 18U, 16U, 19U, 0, 6},
    {20013U, 2269U, 18U, 17U, 19U, 0, 5},
    {20214U, 2320U, 18U, 17U, 19U, 0, 5},
    {20248U, 2371U, 18U, 17U, 19U, 0, 5},
    {20256U, 2422U, 18U, 17U, 19U, 0, 5},
    {20272U, 2473U, 18U, 18U, 19U, 0, 5},
    {20302U, 2527U, 18U, 16U, 19U, 0, 5},
    {20998U, 2575U, 18U, 17U, 19U, 0, 5},
    {21069U, 2626U, 18U, 17U, 19U, 0, 5},
    {21183U, 2677U, 18U, 17U, 19U, 0, 5},
    {21442U, 2728U, 18U, 17U, 19U, 0, 5},
    {21516U, 2779U, 18U, 16U, 19U, 0, 6},
    {22120U, 2827U, 18U, 16U, 19U, 0, 6},
    {22238U, 2875U, 18U, 16U, 19U, 0, 6},
    {22260U, 2923U, 18U, 16U, 19U, 0, 6},
    {22266U, 2971U, 18U, 16U, 19U, 0, 6},
    {22343U, 3019U, 18U, 17U, 19U, 0, 5},
    {22791U, 3070U, 18U, 17U, 19U, 0, 5},
    {23567U, 3121U, 18U, 17U, 19U, 0, 5},
    {24050U, 3172U, 18U, 16U, 19U, 0, 6},
    {24103U, 3220U, 18U, 17U, 19U, 0, 5},
    {24179U, 3271U, 18U, 16U, 19U, 0, 6},
    {24230U, 3319U, 18U, 16U, 19U, 0, 5},
    {24320U, 3367U, 18U, 16U, 19U, 0, 6},
    {24403U, 3415U, 18U, 17U, 19U, 0, 5},
    {24577U, 3466U, 18U, 17U, 19U, 0, 5},
    {24863U, 3517U, 18U, 17U, 19U, 0, 5},
    {25454U, 3568U, 18U, 18U, 19U, 0, 5},
    {25509U, 3622U, 18U, 18U, 19U, 0, 5},
    {25928U, 3676U, 18U, 17U, 19U, 0, 4},
    {25968U, 3727U, 18U, 18U, 19U, 0, 5},
    {26029U, 3781U, 18U, 17U, 19U, 0, 5},
    {26080U, 3832U, 18U, 16U, 19U, 0, 6},
    {26102U, 3880U, 18U, 17U, 19U, 0, 5},
    {26126U, 3931U, 18U, 17U, 19U, 0, 6},
    {26368U, 3982U, 18U, 16U, 19U, 0, 6},
    {26377U, 4030U, 18U, 18U, 19U, 0, 5},
    {26410U, 4084U, 18U, 17U, 19U, 0, 5},
    {26579U, 4135U, 18U, 18U, 19U, 0, 5},
    {26657U, 4189U, 18U, 17U, 19U, 0, 5},
    {27493U, 4240U, 18U, 17U, 19U, 0, 5},
    {27668U, 4291U, 18U, 16U, 19U, 0, 5},
    {27745U, 4339U, 18U, 17U, 19U, 0, 5},
    {28909U, 4390U, 18U, 18U, 19U, 0, 5},
    {29289U, 4444U, 18U, 17U, 19U, 0, 5},
    {29366U, 4495U, 18U, 17U, 19U, 0, 5},
    {30693U, 4546U, 18U, 17U, 19U, 0, 5},
    {31186U, 4597U, 18U, 17U, 19U, 0, 5},
    {31354U, 4648U, 18U, 17U, 19U, 0, 5},
    {31890U, 4699U, 18U, 17U, 19U, 0, 5},
    {32454U, 4750U, 18U, 18U, 19U, 0, 4},
    {32771U, 4804U, 18U, 17U, 19U, 0, 5},
    {33391U, 4855U, 18U, 19U, 19U, 0, 5},
    {33539U, 4912U, 18U, 19U, 19U, 0, 4},
    {34892U, 4969U, 18U, 18U, 19U, 0, 5},
    {35774U, 5023U, 18U, 16U, 19U, 0, 6},
    {35823U, 5071U, 18U, 16U, 19U, 0, 6},
    {36235U, 5119U, 18U, 17U, 19U, 0, 5},
    {36731U, 5170U, 18U, 18U, 19U, 0, 5},
    {36816U, 5224U, 18U, 17U, 19U, 0, 5},
    {36820U, 5275U, 18U, 18U, 19U, 0, 5},
    {36830U, 5329U, 18U, 17U, 19U, 0, 5},
    {37325U, 5380U, 18U, 17U, 19U, 0, 5},
    {38047U, 5431U, 18U, 17U, 19U, 0, 5},
    {38169U, 5482U, 18U, 18U, 19U, 0, 5},
    {38388U, 5536U, 18U, 18U, 19U, 0, 5},
    {39044U, 5590U, 18U, 17U, 19U, 0, 6},
    {39063U, 5641U, 18U, 16U, 19U, 0, 6},
    {39564U, 5689U, 18U, 18U, 19U, 0, 5},
    {39640U, 5743U, 18U, 17U, 19U, 0, 5},
};
inline constexpr Font font18{font18_glyphs, sizeof(font18_glyphs) / sizeof(font18_glyphs[0]), font18_bitmap, 25U};

inline constexpr std::uint8_t font24_bitmap[] = {
    0x18, 0x18, 0x18, 0x18, 0x18, 0x18, 0x18, 0x18, 0x18, 0x18, 0x18, 0x18, 0x18, 0x00, 0x00, 0x38,
    0x38, 0x38, 0x1b, 0x00, 0x1b, 0x00, 0x1b, 0x00, 0x1b, 0x00, 0x1b, 0x00, 0x1b, 0x00, 0x00, 0x00,
    0x00, 0x00, 0x00, 0x00, 0x00, 0x00, 0x00, 0x00, 0x00, 0x00, 0x00, 0x00, 0x00, 0x00, 0x00, 0x00,
    0x00, 0x00, 0x00, 0x00, 0x00, 0x00, 0x06, 0x30, 0x06, 0x30, 0x06, 0x30, 0x0c, 0x60, 0x0c, 0x60,
    0x7f, 0xfc, 0x0c, 0x60, 0x0c, 0x60, 0x18, 0xc0, 0x18, 0xc0, 0xff, 0xf8, 0x18, 0xc0, 0x18, 0xc0,
    0x31, 0x80, 0x31, 0x80, 0x31, 0x80, 0x00, 0x00, 0x00, 0x00, 0x03, 0x00, 0x03, 0x00, 0x07, 0xc0,
    0x1f, 0xe0, 0x1b, 0x20, 0x33, 0x00, 0x33, 0x00, 0x33, 0x00, 0x3b, 0x00, 0x1f, 0x00, 0x0f, 0x00,
    0x07, 0xc0, 0x03, 0xe0, 0x03, 0x70, 0x03, 0x30, 0x03, 0x30, 0x23, 0x30, 0x33, 0x60, 0x1f, 0xe0,
    0x0f, 0x80, 0x03, 0x00, 0x03, 0x00, 0x03, 0x00, 0x1f, 0x01, 0x80, 0x3f, 0x83, 0x00, 0x71, 0xc6,
    0x00, 0x60, 0xc6, 0x00, 0x60, 0xcc, 0x00, 0x60, 0xcc, 0x00, 0x71, 0xd8, 0x00, 0x3f, 0xb0, 0x00,
    0x1f, 0x30, 0x00, 0x00, 0x63, 0xc0, 0x00, 0x67, 0xe0, 0x00, 0xce, 0x70, 0x01, 0x8c, 0x30, 0x01,
    0x8c, 0x30, 0x03, 0x0c, 0x30, 0x03, 0x0e, 0x70, 0x06, 0x07, 0xe0, 0x0c, 0x03, 0xc0, 0x07, 0xe0,
    0x00, 0x0f, 0xf0, 0x00, 0x1c, 0x38, 0x00, 0x18, 0x18, 0x00, 0x18, 0x18, 0xc0, 0x18, 0x30, 0xc0,
    0x0c, 0x70, 0xc0, 0x07, 0xc0, 0xc0, 0x0f, 0xc0, 0xc0, 0x38, 0xe1, 0x80, 0x30, 0x39, 0x80, 0x60,
    0x1b, 0x00, 0x60, 0x0f, 0x00, 0x60, 0x0e, 0x00, 0x60, 0x0f, 0x00, 0x38, 0x3b, 0x80, 0x3f, 0xf3,
    0xf0, 0x0f, 0xc0, 0xf0, 0x30, 0x30, 0x30, 0x30, 0x30, 0x30, 0x00, 0x00, 0x00, 0x00, 0x00, 0x00,
    0x00, 0x00, 0x00, 0x00, 0x00, 0x00, 0x03, 0x06, 0x0c, 0x0c, 0x18, 0x18, 0x18, 0x30, 0x30, 0x30,
    0x30, 0x30, 0x30, 0x30, 0x30, 0x18, 0x18, 0x18, 0x0c, 0x0c, 0x06, 0x03, 0xc0, 0x60, 0x30, 0x30,
    0x18, 0x18, 0x18, 0x0c, 0x0c, 0x0c, 0x0c, 0x0c, 0x0c, 0x0c, 0x0c, 0x18, 0x18, 0x18, 0x30, 0x30,
    0x60, 0xc0, 0x06, 0x00, 0x04, 0x00, 0x64, 0xc0, 0x75, 0xc0, 0x1f, 0x00, 0x0e, 0x00, 0x1b, 0x00,
    0x31, 0x80, 0x11, 0x00, 0x00, 0x00, 0x00, 0x00, 0x00, 0x00, 0x00, 0x00, 0x00, 0x00, 0x00, 0x00,
    0x00, 0x00, 0x00, 0x00, 0x00, 0x00, 0x00, 0xc0, 0x00, 0x00, 0xc0, 0x00, 0x00, 0xc0, 0x00, 0x00,
    0xc0, 0x00, 0x00, 0xc0, 0x00, 0x1f, 0xfe, 0x00, 0x1f, 0xfe, 0x00, 0x00, 0xc0, 0x00, 0x00, 0xc0,
    0x00, 0x00, 0xc0, 0x00, 0x00, 0xc0, 0x00, 0x00, 0xc0, 0x00, 0x00, 0x00, 0x00, 0x30, 0x30, 0x30,
    0x60, 0x60, 0x60, 0x3f, 0x00, 0x3f, 0x00, 0x00, 0x00, 0x00, 0x00, 0x00, 0x00, 0x00, 0x00, 0x00,
    0x00, 0x00, 0x00, 0x70, 0x70, 0x70, 0x00, 0x60, 0x00, 0xc0, 0x00, 0xc0, 0x00, 0xc0, 0x01, 0x80,
    0x01, 0x80, 0x01, 0x80, 0x03, 0x00, 0x03, 0x00, 0x06, 0x00, 0x06, 0x00, 0x06, 0x00, 0x0c, 0x00,
    0x0c, 0x00, 0x18, 0x00, 0x18, 0x00, 0x18, 0x00, 0x30, 0x00, 0x30, 0x00, 0x30, 0x00, 0x60, 0x00,
    0x07, 0xc0, 0x1f, 0xe0, 0x18, 0x70, 0x30, 0x30, 0x30, 0x38, 0x60, 0x18, 0x60, 0x18, 0x60, 0x18,
    0x60, 0x18, 0x60, 0x18, 0x60, 0x18, 0x60, 0x18, 0x60, 0x18, 0x70, 0x30, 0x30, 0x30, 0x38, 0x70,
    0x1f, 0xe0, 0x0f, 0x80, 0x01, 0x80, 0x03, 0x80, 0x0f, 0x80, 0x3d, 0x80, 0x31, 0x80, 0x01, 0x80,
    0x01, 0x80, 0x01, 0x80, 0x01, 0x80, 0x01, 0x80, 0x01, 0x80, 0x01, 0x80, 0x01, 0x80, 0x01, 0x80,
    0x01, 0x80, 0x01, 0x80, 0x01, 0x80, 0x01, 0x80, 0x0f, 0x80, 0x3f, 0xe0, 0x30, 0x60, 0x20, 0x30,
    0x00, 0x30, 0x00, 0x30, 0x00, 0x30, 0x00, 0x60, 0x00, 0xe0, 0x01, 0xc0, 0x07, 0x80, 0x0e, 0x00,
    0x1c, 0x00, 0x38, 0x00, 0x70, 0x00, 0x60, 0x00, 0x7f, 0xf8, 0x7f, 0xf8, 0x0f, 0x80, 0x1f, 0xc0,
    0x10, 0xe0, 0x00, 0x60, 0x00, 0x60, 0x00, 0x60, 0x00, 0x60, 0x00, 0xc0, 0x0f, 0x80, 0x0f, 0xc0,
    0x00, 0xe0, 0x00, 0x30, 0x00, 0x30, 0x00, 0x30, 0x00, 0x30, 0x20, 0xe0, 0x3f, 0xc0, 0x1f, 0x80,
    0x00, 0x60, 0x00, 0xe0, 0x01, 0xe0, 0x01, 0xe0, 0x03, 0x60, 0x07, 0x60, 0x06, 0x60, 0x0c, 0x60,
    0x1c, 0x60, 0x38, 0x60, 0x70, 0x60, 0x60, 0x60, 0xff, 0xfc, 0xff, 0xfc, 0x00, 0x60, 0x00, 0x60,
    0x00, 0x60, 0x00, 0x60, 0x1f, 0xe0, 0x1f, 0xe0, 0x30, 0x00, 0x30, 0x00, 0x30, 0x00, 0x30, 0x00,
    0x30, 0x00, 0x3f, 0x80, 0x3f, 0xc0, 0x00, 0xe0, 0x00, 0x70, 0x00, 0x30, 0x00, 0x30, 0x00, 0x30,
    0x00, 0x70, 0x20, 0xe0, 0x3f, 0xc0, 0x3f, 0x00, 0x03, 0xe0, 0x0f, 0xf0, 0x1c, 0x10, 0x18, 0x00,
    0x30, 0x00, 0x30, 0x00, 0x60, 0x00, 0x67, 0xc0, 0x6f, 0xf0, 0x78, 0x70, 0x70, 0x38, 0x60, 0x18,
    0x60, 0x18, 0x60, 0x18, 0x30, 0x38, 0x38, 0x70, 0x1f, 0xe0, 0x07, 0xc0, 0x7f, 0xf8, 0x7f, 0xf8,
    0x00, 0x30, 0x00, 0x70, 0x00, 0x60, 0x00, 0xe0, 0x00, 0xc0, 0x01, 0x80, 0x01, 0x80, 0x03, 0x80,
    0x03, 0x00, 0x07, 0x00, 0x06, 0x00, 0x06, 0x00, 0x0e, 0x00, 0x0c, 0x00, 0x0c, 0x00, 0x0c, 0x00,
    0x07, 0x80, 0x1f, 0xe0, 0x38, 0x70, 0x30, 0x30, 0x30, 0x30, 0x30, 0x30, 0x18, 0x60, 0x1f, 0xe0,
    0x0f, 0xc0, 0x38, 0x70, 0x30, 0x30, 0x60, 0x18, 0x60, 0x18, 0x60, 0x18, 0x70, 0x38, 0x38, 0x70,
    0x1f, 0xe0, 0x0f, 0xc0, 0x0f, 0x80, 0x1f, 0xc0, 0x38, 0xe0, 0x70, 0x60, 0x60, 0x30, 0x60, 0x30,
    0x60, 0x30, 0x70, 0x30, 0x38, 0x70, 0x3f, 0xf0, 0x0f, 0x30, 0x00, 0x30, 0x00, 0x20, 0x00, 0x60,
    0x00, 0xe0, 0x21, 0xc0, 0x3f, 0x80, 0x1f, 0x00, 0x70, 0x70, 0x70, 0x00, 0x00, 0x00, 0x00, 0x00,
    0x00, 0x00, 0x70, 0x70, 0x70, 0x70, 0x70, 0x70, 0x00, 0x00, 0x00, 0x00, 0x00, 0x00, 0x00, 0x30,
    0x30, 0x30, 0x60, 0x60, 0x60, 0x00, 0x04, 0x00, 0x00, 0x1c, 0x00, 0x00, 0x78, 0x00, 0x00, 0xe0,
    0x00, 0x03, 0xc0, 0x00, 0x0f, 0x00, 0x00, 0x1c, 0x00, 0x00, 0x0f, 0x00, 0x00, 0x03, 0xe0, 0x00,
    0x00, 0xf8, 0x00, 0x00, 0x1c, 0x00, 0x00, 0x04, 0x00, 0x00, 0x00, 0x00, 0x00, 0x00, 0x00, 0x1f,
    0xfe, 0x00, 0x1f, 0xfe, 0x00, 0x00, 0x00, 0x00, 0x00, 0x00, 0x00, 0x00, 0x00, 0x00, 0x1f, 0xfe,
    0x00, 0x1f, 0xfe, 0x00, 0x00, 0x00, 0x00, 0x00, 0x00, 0x00, 0x00, 0x00, 0x00, 0x00, 0x00, 0x00,
    0x08, 0x00, 0x00, 0x0e, 0x00, 0x00, 0x07, 0x80, 0x00, 0x01, 0xc0, 0x00, 0x00, 0xf0, 0x00, 0x00,
    0x3c, 0x00, 0x00, 0x0e, 0x00, 0x00, 0x3c, 0x00, 0x01, 0xf0, 0x00, 0x07, 0xc0, 0x00, 0x0e, 0x00,
    0x00, 0x08, 0x00, 0x00, 0x00, 0x00, 0x00, 0x00, 0x00, 0x00, 0x0f, 0x00, 0x1f, 0x80, 0x31, 0xc0,
    0x20, 0xc0, 0x00, 0xc0, 0x00, 0xc0, 0x01, 0x80, 0x03, 0x80, 0x07, 0x00, 0x06, 0x00, 0x0c, 0x00,
    0x0c, 0x00, 0x0c, 0x00, 0x00, 0x00, 0x00, 0x00, 0x0e, 0x00, 0x0e, 0x00, 0x0e, 0x00, 0x00, 0x7f,
    0x00, 0x00, 0x01, 0xff, 0xe0, 0x00, 0x03, 0xc0, 0xf0, 0x00, 0x07, 0x00, 0x38, 0x00, 0x0e, 0x00,
    0x1c, 0x00, 0x1c, 0x3c, 0xcc, 0x00, 0x18, 0x7f, 0x8e, 0x00, 0x38, 0xe3, 0x86, 0x00, 0x30, 0xc1,
    0x86, 0x00, 0x31, 0x81, 0x86, 0x00, 0x31, 0x81, 0x86, 0x00, 0x31, 0x81, 0x86, 0x00, 0x31, 0x83,
    0x8c, 0x00, 0x31, 0xc7, 0x8c, 0x00, 0x18, 0xfd, 0xf8, 0x00, 0x18, 0x78, 0xf0, 0x00, 0x1c, 0x00,
    0x00, 0x00, 0x0e, 0x00, 0x00, 0x00, 0x07, 0x80, 0xc0, 0x00, 0x01, 0xff, 0xc0, 0x00, 0x00, 0x7f,
    0x00, 0x00, 0x01, 0x80, 0x00, 0x03, 0xc0, 0x00, 0x03, 0xc0, 0x00, 0x03, 0xe0, 0x00, 0x06, 0x60,
    0x00, 0x06, 0x60, 0x00, 0x0e, 0x70, 0x00, 0x0c, 0x30, 0x00, 0x0c, 0x38, 0x00, 0x18, 0x38, 0x00,
    0x18, 0x1c, 0x00, 0x1f, 0xfc, 0x00, 0x3f, 0xfe, 0x00, 0x38, 0x0e, 0x00, 0x70, 0x06, 0x00, 0x70,
    0x07, 0x00, 0x70, 0x07, 0x00, 0xe0, 0x03, 0x80, 0x3f, 0xc0, 0x3f, 0xe0, 0x30, 0x70, 0x30, 0x30,
    0x30, 0x30, 0x30, 0x30, 0x30, 0x30, 0x30, 0xe0, 0x3f, 0xc0, 0x3f, 0xe0, 0x30, 0x70, 0x30, 0x18,
    0x30, 0x18, 0x30, 0x18, 0x30, 0x18, 0x30, 0x70, 0x3f, 0xf0, 0x3f, 0xc0, 0x01, 0xfc, 0x07, 0xfe,
    0x0e, 0x06, 0x1c, 0x00, 0x38, 0x00, 0x30, 0x00, 0x60, 0x00, 0x60, 0x00, 0x60, 0x00, 0x60, 0x00,
    0x60, 0x00, 0x60, 0x00, 0x70, 0x00, 0x30, 0x00, 0x38, 0x00, 0x1e, 0x06, 0x0f, 0xfe, 0x03, 0xf8,
    0x3f, 0xc0, 0x00, 0x3f, 0xf0, 0x00, 0x30, 0x3c, 0x00, 0x30, 0x0c, 0x00, 0x30, 0x06, 0x00, 0x30,
    0x06, 0x00, 0x30, 0x03, 0x00, 0x30, 0x03, 0x00, 0x30, 0x03, 0x00, 0x30, 0x03, 0x00, 0x30, 0x03,
    0x00, 0x30, 0x03, 0x00, 0x30, 0x06, 0x00, 0x30, 0x06, 0x00, 0x30, 0x0c, 0x00, 0x30, 0x38, 0x00,
    0x3f, 0xf0, 0x00, 0x3f, 0xc0, 0x00, 0x3f, 0xf0, 0x3f, 0xf0, 0x30, 0x00, 0x30, 0x00, 0x30, 0x00,
    0x30, 0x00, 0x30, 0x00, 0x30, 0x00, 0x3f, 0xe0, 0x3f, 0xe0, 0x30, 0x00, 0x30, 0x00, 0x30, 0x00,
    0x30, 0x00, 0x30, 0x00, 0x30, 0x00, 0x3f, 0xf0, 0x3f, 0xf0, 0x3f, 0xe0, 0x3f, 0xe0, 0x30, 0x00,
    0x30, 0x00, 0x30, 0x00, 0x30, 0x00, 0x30, 0x00, 0x30, 0x00, 0x3f, 0xc0, 0x3f, 0xc0, 0x30, 0x00,
    0x30, 0x00, 0x30, 0x00, 0x30, 0x00, 0x30, 0x00, 0x30, 0x00, 0x30, 0x00, 0x30, 0x00, 0x01, 0xfc,
    0x00, 0x07, 0xff, 0x00, 0x0f, 0x03, 0x00, 0x1c, 0x00, 0x00, 0x38, 0x00, 0x00, 0x30, 0x00, 0x00,
    0x60, 0x00, 0x00, 0x60, 0x00, 0x00, 0x60, 0x00, 0x00, 0x60, 0x3f, 0x00, 0x60, 0x3f, 0x00, 0x60,
    0x03, 0x00, 0x70, 0x03, 0x00, 0x30, 0x03, 0x00, 0x38, 0x03, 0x00, 0x1e, 0x07, 0x00, 0x0f, 0xff,
    0x00, 0x03, 0xfc, 0x00, 0x30, 0x03, 0x00, 0x30, 0x03, 0x00, 0x30, 0x03, 0x00, 0x30, 0x03, 0x00,
    0x30, 0x03, 0x00, 0x30, 0x03, 0x00, 0x30, 0x03, 0x00, 0x30, 0x03, 0x00, 0x3f, 0xff, 0x00, 0x3f,
    0xff, 0x00, 0x30, 0x03, 0x00, 0x30, 0x03, 0x00, 0x30, 0x03, 0x00, 0x30, 0x03, 0x00, 0x30, 0x03,
    0x00, 0x30, 0x03, 0x00, 0x30, 0x03, 0x00, 0x30, 0x03, 0x00, 0x30, 0x30, 0x30, 0x30, 0x30, 0x30,
    0x30, 0x30, 0x30, 0x30, 0x30, 0x30, 0x30, 0x30, 0x30, 0x30, 0x30, 0x30, 0x06, 0x00, 0x06, 0x00,
    0x06, 0x00, 0x06, 0x00, 0x06, 0x00, 0x06, 0x00, 0x06, 0x00, 0x06, 0x00, 0x06, 0x00, 0x06, 0x00,
    0x06, 0x00, 0x06, 0x00, 0x06, 0x00, 0x06, 0x00, 0x0e, 0x00, 0x8c, 0x00, 0xf8, 0x00, 0xf0, 0x00,
    0x30, 0x1c, 0x30, 0x38, 0x30, 0x70, 0x30, 0xe0, 0x30, 0xc0, 0x31, 0xc0, 0x33, 0x80, 0x37, 0x00,
    0x3e, 0x00, 0x37, 0x00, 0x33, 0x80, 0x33, 0x80, 0x31, 0xc0, 0x30, 0xe0, 0x30, 0x70, 0x30, 0x38,
    0x30, 0x1c, 0x30, 0x0e, 0x30, 0x00, 0x30, 0x00, 0x30, 0x00, 0x30, 0x00, 0x30, 0x00, 0x30, 0x00,
    0x30, 0x00, 0x30, 0x00, 0x30, 0x00, 0x30, 0x00, 0x30, 0x00, 0x30, 0x00, 0x30, 0x00, 0x30, 0x00,
    0x30, 0x00, 0x30, 0x00, 0x3f, 0xf0, 0x3f, 0xf0, 0x38, 0x00, 0x70, 0x3c, 0x00, 0xf0, 0x3c, 0x00,
    0xf0, 0x3e, 0x00, 0xf0, 0x36, 0x01, 0xb0, 0x36, 0x01, 0xb0, 0x33, 0x01, 0xb0, 0x33, 0x03, 0x30,
    0x31, 0x83, 0x30, 0x31, 0x86, 0x30, 0x30, 0xc6, 0x30, 0x30, 0xc6, 0x30, 0x30, 0xec, 0x30, 0x30,
    0x6c, 0x30, 0x30, 0x68, 0x30, 0x30, 0x38, 0x30, 0x30, 0x38, 0x30, 0x30, 0x10, 0x30, 0x38, 0x01,
    0x80, 0x3c, 0x01, 0x80, 0x3e, 0x01, 0x80, 0x3e, 0x01, 0x80, 0x37, 0x01, 0x80, 0x33, 0x81, 0x80,
    0x33, 0x81, 0x80, 0x31, 0xc1, 0x80, 0x30, 0xe1, 0x80, 0x30, 0xe1, 0x80, 0x30, 0x71, 0x80, 0x30,
    0x39, 0x80, 0x30, 0x19, 0x80, 0x30, 0x1d, 0x80, 0x30, 0x0f, 0x80, 0x30, 0x07, 0x80, 0x30, 0x07,
    0x80, 0x30, 0x03, 0x80, 0x03, 0xf8, 0x00, 0x0f, 0xfe, 0x00, 0x1e, 0x0f, 0x00, 0x18, 0x03, 0x80,
    0x30, 0x01, 0x80, 0x30, 0x01, 0xc0, 0x60, 0x00, 0xc0, 0x60, 0x00, 0xc0, 0x60, 0x00, 0xc0, 0x60,
    0x00, 0xc0, 0x60, 0x00, 0xc0, 0x60, 0x00, 0xc0, 0x70, 0x01, 0x80, 0x30, 0x01, 0x80, 0x38, 0x03,
    0x80, 0x1e, 0x0f, 0x00, 0x0f, 0xfc, 0x00, 0x03, 0xf8, 0x00, 0x3f, 0xc0, 0x3f, 0xf0, 0x30, 0x70,
    0x30, 0x38, 0x30, 0x18, 0x30, 0x18, 0x30, 0x18, 0x30, 0x38, 0x30, 0x70, 0x3f, 0xe0, 0x3f, 0xc0,
    0x30, 0x00, 0x30, 0x00, 0x30, 0x00, 0x30, 0x00, 0x30, 0x00, 0x30, 0x00, 0x30, 0x00, 0x03, 0xf8,
    0x00, 0x0f, 0xfe, 0x00, 0x1e, 0x0f, 0x00, 0x18, 0x03, 0x80, 0x30, 0x01, 0x80, 0x30, 0x01, 0xc0,
    0x60, 0x00, 0xc0, 0x60, 0x00, 0xc0, 0x60, 0x00, 0xc0, 0x60, 0x00, 0xc0, 0x60, 0x00, 0xc0, 0x60,
    0x00, 0xc0, 0x70, 0x01, 0x80, 0x30, 0x01, 0x80, 0x38, 0x03, 0x80, 0x1e, 0x0f, 0x00, 0x0f, 0xfe,
    0x00, 0x03, 0xff, 0x00, 0x00, 0x03, 0xc0, 0x00, 0x01, 0xe0, 0x3f, 0xc0, 0x3f, 0xf0, 0x30, 0x38,
    0x30, 0x18, 0x30, 0x18, 0x30, 0x18, 0x30, 0x38, 0x30, 0x70, 0x3f, 0xe0, 0x3f, 0x80, 0x31, 0xc0,
    0x30, 0xe0, 0x30, 0x70, 0x30, 0x70, 0x30, 0x38, 0x30, 0x18, 0x30, 0x1c, 0x30, 0x0e, 0x07, 0xc0,
    0x1f, 0xe0, 0x18, 0x20, 0x30, 0x00, 0x30, 0x00, 0x30, 0x00, 0x38, 0x00, 0x1c, 0x00, 0x0f, 0x00,
    0x07, 0xc0, 0x01, 0xe0, 0x00, 0x70, 0x00, 0x30, 0x00, 0x30, 0x20, 0x30, 0x30, 0x70, 0x1f, 0xe0,
    0x0f, 0x80, 0x7f, 0xf8, 0x7f, 0xf8, 0x03, 0x00, 0x03, 0x00, 0x03, 0x00, 0x03, 0x00, 0x03, 0x00,
    0x03, 0x00, 0x03, 0x00, 0x03, 0x00, 0x03, 0x00, 0x03, 0x00, 0x03, 0x00, 0x03, 0x00, 0x03, 0x00,
    0x03, 0x00, 0x03, 0x00, 0x03, 0x00, 0x30, 0x06, 0x00, 0x30, 0x06, 0x00, 0x30, 0x06, 0x00, 0x30,
    0x06, 0x00, 0x30, 0x06, 0x00, 0x30, 0x06, 0x00, 0x30, 0x06, 0x00, 0x30, 0x06, 0x00, 0x30, 0x06,
    0x00, 0x30, 0x06, 0x00, 0x30, 0x06, 0x00, 0x30, 0x06, 0x00, 0x30, 0x06, 0x00, 0x30, 0x06, 0x00,
    0x18, 0x0c, 0x00, 0x1c, 0x1c, 0x00, 0x0f, 0xf8, 0x00, 0x07, 0xe0, 0x00, 0xe0, 0x07, 0x00, 0xe0,
    0x0e, 0x00, 0x70, 0x0e, 0x00, 0x70, 0x0e, 0x00, 0x70, 0x1c, 0x00, 0x38, 0x1c, 0x00, 0x38, 0x18,
    0x00, 0x38, 0x38, 0x00, 0x18, 0x38, 0x00, 0x1c, 0x30, 0x00, 0x1c, 0x70, 0x00, 0x0c, 0x70, 0x00,
    0x0e, 0x60, 0x00, 0x0e, 0xe0, 0x00, 0x06, 0xc0, 0x00, 0x06, 0xc0, 0x00, 0x07, 0xc0, 0x00, 0x03,
    0x80, 0x00, 0xe0, 0x18, 0x07, 0x00, 0xe0, 0x18, 0x07, 0x00, 0x70, 0x3c, 0x0e, 0x00, 0x70, 0x3c,
    0x0e, 0x00, 0x70, 0x3c, 0x0e, 0x00, 0x30, 0x24, 0x0c, 0x00, 0x30, 0x66, 0x0c, 0x00, 0x38, 0x66,
    0x1c, 0x00, 0x38, 0x66, 0x1c, 0x00, 0x18, 0xc3, 0x18, 0x00, 0x18, 0xc3, 0x18, 0x00, 0x18, 0xc3,
    0x18, 0x00, 0x1c, 0xc3, 0x38, 0x00, 0x0d, 0x81, 0xb0, 0x00, 0x0d, 0x81, 0xb0, 0x00, 0x0f, 0x81,
    0xf0, 0x00, 0x07, 0x00, 0xe0, 0x00, 0x07, 0x00, 0xe0, 0x00, 0x70, 0x0e, 0x38, 0x1c, 0x38, 0x18,
    0x1c, 0x38, 0x0c, 0x30, 0x0e, 0x70, 0x07, 0x60, 0x07, 0xc0, 0x03, 0xc0, 0x03, 0xc0, 0x07, 0xe0,
    0x0e, 0xe0, 0x0c, 0x70, 0x1c, 0x70, 0x38, 0x38, 0x38, 0x1c, 0x70, 0x1c, 0xe0, 0x0e, 0xe0, 0x1c,
    0x70, 0x38, 0x70, 0x38, 0x38, 0x70, 0x38, 0x70, 0x18, 0x60, 0x1c, 0xe0, 0x0c, 0xc0, 0x07, 0x80,
    0x07, 0x80, 0x03, 0x00, 0x03, 0x00, 0x03, 0x00, 0x03, 0x00, 0x03, 0x00, 0x03, 0x00, 0x03, 0x00,
    0x03, 0x00, 0x7f, 0xfc, 0x7f, 0xf8, 0x00, 0x38, 0x00, 0x70, 0x00, 0xe0, 0x00, 0xe0, 0x01, 0xc0,
    0x03, 0x80, 0x03, 0x00, 0x07, 0x00, 0x0e, 0x00, 0x0c, 0x00, 0x1c, 0x00, 0x38, 0x00, 0x30, 0x00,
    0x60, 0x00, 0xff, 0xfc, 0xff, 0xfc, 0x1f, 0x1f, 0x18, 0x18, 0x18, 0x18, 0x18, 0x18, 0x18, 0x18,
    0x18, 0x18, 0x18, 0x18, 0x18, 0x18, 0x18, 0x18, 0x18, 0x18, 0x1f, 0x1f, 0x60, 0x00, 0x30, 0x00,
    0x30, 0x00, 0x30, 0x00, 0x18, 0x00, 0x18, 0x00, 0x18, 0x00, 0x0c, 0x00, 0x0c, 0x00, 0x06, 0x00,
    0x06, 0x00, 0x06, 0x00, 0x03, 0x00, 0x03, 0x00, 0x01, 0x80, 0x01, 0x80, 0x01, 0x80, 0x00, 0xc0,
    0x00, 0xc0, 0x00, 0xc0, 0x00, 0x60, 0xf8, 0xf8, 0x18, 0x18, 0x18, 0x18, 0x18, 0x18, 0x18, 0x18,
    0x18, 0x18, 0x18, 0x18, 0x18, 0x18, 0x18, 0x18, 0x18, 0x18, 0xf8, 0xf8, 0x00, 0x80, 0x00, 0x01,
    0xc0, 0x00, 0x01, 0xc0, 0x00, 0x03, 0x60, 0x00, 0x03, 0x60, 0x00, 0x06, 0x30, 0x00, 0x06, 0x18,
    0x00, 0x06, 0x18, 0x00, 0x0c, 0x0c, 0x00, 0x0c, 0x0c, 0x00, 0x18, 0x06, 0x00, 0x00, 0x00, 0x00,
    0x00, 0x00, 0x00, 0x00, 0x00, 0x00, 0x00, 0x00, 0x00, 0x00, 0x00, 0x00, 0x00, 0x00, 0x00, 0x00,
    0x00, 0x00, 0x00, 0x00, 0x00, 0x00, 0x00, 0x00, 0x00, 0x00, 0xff, 0xe0, 0xff, 0xe0, 0x60, 0x30,
    0x18, 0x0c, 0x00, 0x00, 0x00, 0x00, 0x00, 0x00, 0x00, 0x00, 0x00, 0x00, 0x00, 0x00, 0x00, 0x00,
    0x00, 0x0f, 0x80, 0x3f, 0xc0, 0x30, 0xe0, 0x20, 0x60, 0x00, 0x60, 0x0f, 0xe0, 0x3f, 0xe0, 0x70,
    0x60, 0x60, 0x60, 0x60, 0xe0, 0x71, 0xe0, 0x3f, 0x60, 0x1e, 0x60, 0x30, 0x00, 0x30, 0x00, 0x30,
    0x00, 0x30, 0x00, 0x30, 0x00, 0x30, 0x00, 0x33, 0xe0, 0x37, 0xf0, 0x3c, 0x38, 0x38, 0x1c, 0x30,
    0x0c, 0x30, 0x0c, 0x30, 0x0c, 0x30, 0x0c, 0x30, 0x0c, 0x38, 0x18, 0x3c, 0x38, 0x37, 0xf0, 0x33,
    0xc0, 0x07, 0xc0, 0x1f, 0xe0, 0x3c, 0x20, 0x30, 0x00, 0x60, 0x00, 0x60, 0x00, 0x60, 0x00, 0x60,
    0x00, 0x60, 0x00, 0x70, 0x00, 0x38, 0x20, 0x1f, 0xe0, 0x07, 0xc0, 0x00, 0x18, 0x00, 0x18, 0x00,
    0x18, 0x00, 0x18, 0x00, 0x18, 0x00, 0x18, 0x07, 0x98, 0x1f, 0xf8, 0x38, 0x78, 0x30, 0x38, 0x60,
    0x18, 0x60, 0x18, 0x60, 0x18, 0x60, 0x18, 0x60, 0x18, 0x70, 0x38, 0x38, 0x78, 0x1f, 0xd8, 0x0f,
    0x98, 0x07, 0xc0, 0x1f, 0xe0, 0x38, 0x30, 0x30, 0x18, 0x60, 0x18, 0x7f, 0xf8, 0x7f, 0xf8, 0x60,
    0x00, 0x60, 0x00, 0x70, 0x00, 0x38, 0x30, 0x1f, 0xf0, 0x0f, 0xc0, 0x07, 0x80, 0x0f, 0x80, 0x1c,
    0x00, 0x18, 0x00, 0x18, 0x00, 0x18, 0x00, 0x7f, 0x00, 0x7f, 0x00, 0x18, 0x00, 0x18, 0x00, 0x18,
    0x00, 0x18, 0x00, 0x18, 0x00, 0x18, 0x00, 0x18, 0x00, 0x18, 0x00, 0x18, 0x00, 0x18, 0x00, 0x18,
    0x00, 0x0f, 0x98, 0x1f, 0xd8, 0x38, 0x78, 0x30, 0x38, 0x60, 0x18, 0x60, 0x18, 0x60, 0x18, 0x60,
    0x18, 0x60, 0x18, 0x70, 0x38, 0x38, 0x78, 0x1f, 0xd8, 0x0f, 0x98, 0x00, 0x18, 0x00, 0x18, 0x00,
    0x30, 0x30, 0x70, 0x3f, 0xe0, 0x1f, 0x80, 0x30, 0x00, 0x30, 0x00, 0x30, 0x00, 0x30, 0x00, 0x30,
    0x00, 0x30, 0x00, 0x33, 0xe0, 0x37, 0xf0, 0x3c, 0x38, 0x38, 0x18, 0x30, 0x18, 0x30, 0x18, 0x30,
    0x18, 0x30, 0x18, 0x30, 0x18, 0x30, 0x18, 0x30, 0x18, 0x30, 0x18, 0x30, 0x18, 0x38, 0x38, 0x38,
    0x00, 0x00, 0x00, 0x30, 0x30, 0x30, 0x30, 0x30, 0x30, 0x30, 0x30, 0x30, 0x30, 0x30, 0x30, 0x30,
    0x07, 0x00, 0x07, 0x00, 0x07, 0x00, 0x00, 0x00, 0x00, 0x00, 0x00, 0x00, 0x06, 0x00, 0x06, 0x00,
    0x06, 0x00, 0x06, 0x00, 0x06, 0x00, 0x06, 0x00, 0x06, 0x00, 0x06, 0x00, 0x06, 0x00, 0x06, 0x00,
    0x06, 0x00, 0x06, 0x00, 0x06, 0x00, 0x06, 0x00, 0x06, 0x00, 0x06, 0x00, 0x4c, 0x00, 0x7c, 0x00,
    0x38, 0x00, 0x30, 0x00, 0x30, 0x00, 0x30, 0x00, 0x30, 0x00, 0x30, 0x00, 0x30, 0x00, 0x30, 0x70,
    0x30, 0xe0, 0x31, 0xc0, 0x33, 0x80, 0x37, 0x00, 0x3e, 0x00, 0x3e, 0x00, 0x37, 0x00, 0x33, 0x80,
    0x31, 0xc0, 0x30, 0xe0, 0x30, 0x70, 0x30, 0x38, 0x30, 0x30, 0x30, 0x30, 0x30, 0x30, 0x30, 0x30,
    0x30, 0x30, 0x30, 0x30, 0x30, 0x30, 0x30, 0x30, 0x30, 0x30, 0x30, 0x33, 0xc3, 0xc0, 0x37, 0xef,
    0xe0, 0x38, 0x7c, 0x70, 0x38, 0x38, 0x30, 0x30, 0x30, 0x30, 0x30, 0x30, 0x30, 0x30, 0x30, 0x30,
    0x30, 0x30, 0x30, 0x30, 0x30, 0x30, 0x30, 0x30, 0x30, 0x30, 0x30, 0x30, 0x30, 0x30, 0x30, 0x30,
    0x30, 0x30, 0x33, 0xe0, 0x37, 0xf0, 0x3c, 0x38, 0x38, 0x18, 0x30, 0x18, 0x30, 0x18, 0x30, 0x18,
    0x30, 0x18, 0x30, 0x18, 0x30, 0x18, 0x30, 0x18, 0x30, 0x18, 0x30, 0x18, 0x0f, 0xc0, 0x1f, 0xe0,
    0x38, 0x70, 0x30, 0x38, 0x60, 0x18, 0x60, 0x18, 0x60, 0x18, 0x60, 0x18, 0x60, 0x18, 0x70, 0x30,
    0x38, 0x70, 0x1f, 0xe0, 0x0f, 0xc0, 0x33, 0xe0, 0x37, 0xf0, 0x3c, 0x38, 0x38, 0x1c, 0x30, 0x0c,
    0x30, 0x0c, 0x30, 0x0c, 0x30, 0x0c, 0x30, 0x0c, 0x38, 0x18, 0x3c, 0x38, 0x37, 0xf0, 0x33, 0xe0,
    0x30, 0x00, 0x30, 0x00, 0x30, 0x00, 0x30, 0x00, 0x30, 0x00, 0x30, 0x00, 0x0f, 0x98, 0x1f, 0xf8,
    0x38, 0x78, 0x30, 0x38, 0x60, 0x18, 0x60, 0x18, 0x60, 0x18, 0x60, 0x18, 0x60, 0x18, 0x70, 0x38,
    0x38, 0x78, 0x1f, 0xd8, 0x0f, 0x98, 0x00, 0x18, 0x00, 0x18, 0x00, 0x18, 0x00, 0x18, 0x00, 0x18,
    0x00, 0x18, 0x00, 0x00, 0x33, 0x80, 0x37, 0x80, 0x3c, 0x00, 0x38, 0x00, 0x30, 0x00, 0x30, 0x00,
    0x30, 0x00, 0x30, 0x00, 0x30, 0x00, 0x30, 0x00, 0x30, 0x00, 0x30, 0x00, 0x30, 0x00, 0x1f, 0x00,
    0x3f, 0x80, 0x70, 0x80, 0x60, 0x00, 0x60, 0x00, 0x3c, 0x00, 0x1f, 0x00, 0x03, 0x80, 0x00, 0xc0,
    0x00, 0xc0, 0x41, 0xc0, 0x7f, 0x80, 0x3f, 0x00, 0x08, 0x00, 0x18, 0x00, 0x18, 0x00, 0x18, 0x00,
    0x7f, 0x00, 0x7f, 0x00, 0x18, 0x00, 0x18, 0x00, 0x18, 0x00, 0x18, 0x00, 0x18, 0x00, 0x18, 0x00,
    0x18, 0x00, 0x18, 0x00, 0x18, 0x00, 0x1f, 0x00, 0x0f, 0x00, 0x30, 0x18, 0x30, 0x18, 0x30, 0x18,
    0x30, 0x18, 0x30, 0x18, 0x30, 0x18, 0x30, 0x18, 0x30, 0x18, 0x30, 0x18, 0x30, 0x38, 0x38, 0x78,
    0x1f, 0xd8, 0x0f, 0x98, 0xe0, 0x18, 0x60, 0x30, 0x70, 0x30, 0x70, 0x60, 0x30, 0x60, 0x38, 0xc0,
    0x38, 0xc0, 0x19, 0xc0, 0x19, 0x80, 0x0d, 0x80, 0x0f, 0x00, 0x0f, 0x00, 0x06, 0x00, 0xc0, 0x60,
    0x60, 0xc0, 0xe0, 0x60, 0x60, 0xf0, 0xc0, 0x60, 0xf0, 0xc0, 0x61, 0xb0, 0xc0, 0x31, 0xb9, 0x80,
    0x31, 0x19, 0x80, 0x33, 0x19, 0x80, 0x13, 0x19, 0x00, 0x1e, 0x0f, 0x00, 0x1e, 0x0f, 0x00, 0x0e,
    0x0e, 0x00, 0x0c, 0x06, 0x00, 0xe0, 0x70, 0x70, 0xe0, 0x30, 0xc0, 0x39, 0xc0, 0x1d, 0x80, 0x0f,
    0x00, 0x0f, 0x00, 0x0f, 0x00, 0x1b, 0x80, 0x39, 0xc0, 0x31, 0xc0, 0x70, 0xe0, 0xe0, 0x70, 0xe0,
    0x18, 0x70, 0x30, 0x70, 0x30, 0x70, 0x30, 0x38, 0x60, 0x38, 0x60, 0x18, 0xc0, 0x1c, 0xc0, 0x0d,
    0x80, 0x0d, 0x80, 0x0f, 0x80, 0x07, 0x00, 0x07, 0x00, 0x06, 0x00, 0x0e, 0x00, 0x0c, 0x00, 0x1c,
    0x00, 0xf8, 0x00, 0xf0, 0x00, 0x7f, 0xe0, 0x7f, 0xe0, 0x01, 0xc0, 0x01, 0x80, 0x03, 0x00, 0x06,
    0x00, 0x0e, 0x00, 0x0c, 0x00, 0x18, 0x00, 0x30, 0x00, 0x70, 0x00, 0xff, 0xe0, 0xff, 0xe0, 0x06,
    0x0c, 0x18, 0x18, 0x18, 0x18, 0x18, 0x18, 0x18, 0x38, 0x70, 0x70, 0x38, 0x18, 0x18, 0x18, 0x18,
    0x18, 0x18, 0x18, 0x0c, 0x06, 0x30, 0x30, 0x30, 0x30, 0x30, 0x30, 0x30, 0x30, 0x30, 0x30, 0x30,
    0x30, 0x30, 0x30, 0x30, 0x30, 0x30, 0x30, 0x30, 0x30, 0x30, 0x30, 0x30, 0x30, 0x30, 0x30, 0x60,
    0x30, 0x18, 0x18, 0x18, 0x18, 0x18, 0x18, 0x18, 0x1c, 0x0e, 0x0e, 0x1c, 0x18, 0x18, 0x18, 0x18,
    0x18, 0x18, 0x18, 0x30, 0x60, 0x07, 0x83, 0x00, 0x0f, 0xe7, 0x00, 0x1c, 0xfe, 0x00, 0x18, 0x3c,
    0x00, 0x00, 0x00, 0x00, 0x00, 0x00, 0x00, 0x00, 0x00, 0x00, 0x00, 0x00, 0x00, 0x00, 0x00, 0x00,
    0x00, 0x00, 0x00, 0x1f, 0x00, 0x3f, 0x80, 0x21, 0x80, 0x01, 0x80, 0x1e, 0x00, 0x1f, 0x00, 0x03,
    0x80, 0x01, 0x80, 0x21, 0x80, 0x3f, 0x00, 0x1e, 0x00, 0x00, 0x00, 0x00, 0x00, 0x00, 0x00, 0x00,
    0x00, 0x00, 0x00, 0x00, 0x00, 0x00, 0x00, 0x30, 0x18, 0x30, 0x18, 0x30, 0x18, 0x30, 0x18, 0x30,
    0x18, 0x30, 0x18, 0x30, 0x18, 0x30, 0x18, 0x30, 0x18, 0x30, 0x38, 0x38, 0x78, 0x3f, 0xd8, 0x37,
    0x98, 0x30, 0x00, 0x30, 0x00, 0x30, 0x00, 0x30, 0x00, 0x30, 0x00, 0x7f, 0xff, 0xfe, 0x7f, 0xff,
    0xfe, 0x00, 0x63, 0x00, 0x10, 0x63, 0x08, 0x1c, 0x63, 0x1c, 0x0e, 0x63, 0x30, 0x04, 0x63, 0x60,
    0x00, 0x63, 0x00, 0x1f, 0xff, 0xfe, 0x1f, 0xff, 0xfe, 0x18, 0x00, 0x00, 0x18, 0x00, 0x00, 0x18,
    0x00, 0x00, 0x18, 0x00, 0x00, 0x18, 0x00, 0x00, 0x18, 0x00, 0x00, 0x30, 0x00, 0x00, 0x30, 0x00,
    0x00, 0x70, 0x00, 0x00, 0x60, 0x00, 0x00, 0x20, 0x00, 0x00, 0x00, 0x18, 0x00, 0x00, 0x18, 0x00,
    0x00, 0x18, 0x00, 0x00, 0x18, 0x00, 0x3f, 0xff, 0xfc, 0x3f, 0xff, 0xfc, 0x30, 0x18, 0x0c, 0x30,
    0x18, 0x0c, 0x30, 0x18, 0x0c, 0x30, 0x18, 0x0c, 0x30, 0x18, 0x0c, 0x30, 0x18, 0x0c, 0x3f, 0xff,
    0xfc, 0x3f, 0xff, 0xfc, 0x30, 0x18, 0x0c, 0x00, 0x18, 0x00, 0x00, 0x18, 0x00, 0x00, 0x18, 0x00,
    0x00, 0x18, 0x00, 0x00, 0x18, 0x00, 0x00, 0x18, 0x00, 0x00, 0x18, 0x00, 0x03, 0x00, 0xc0, 0x03,
    0x18, 0xc0, 0x06, 0x18, 0xc0, 0x06, 0x38, 0xc0, 0x0c, 0x30, 0xc0, 0x0c, 0x3f, 0xfe, 0x0c, 0x7f,
    0xfe, 0x1c, 0x60, 0xc0, 0x1c, 0x60, 0xc0, 0x3c, 0xe0, 0xc0, 0x6c, 0x40, 0xc0, 0x6c, 0x00, 0xc0,
    0x0c, 0xff, 0xff, 0x0c, 0xff, 0xff, 0x0c, 0x00, 0xc0, 0x0c, 0x00, 0xc0, 0x0c, 0x00, 0xc0, 0x0c,
    0x00, 0xc0, 0x0c, 0x00, 0xc0, 0x0c, 0x00, 0xc0, 0x0c, 0x00, 0xc0, 0x0c, 0x00, 0xc0, 0x03, 0x0c,
    0xc0, 0x07, 0x0c, 0x78, 0x06, 0x0c, 0x1c, 0x0e, 0x0c, 0x08, 0x0c, 0x0c, 0x00, 0x18, 0x0c, 0x00,
    0x19, 0xff, 0xff, 0x39, 0xff, 0xff, 0x78, 0x0d, 0x80, 0xf8, 0x0d, 0x80, 0xd8, 0x0d, 0x80, 0x98,
    0x19, 0x80, 0x18, 0x19, 0x80, 0x18, 0x19, 0x80, 0x18, 0x39, 0x82, 0x18, 0x31, 0x83, 0x18, 0x71,
    0x83, 0x18, 0x61, 0x83, 0x18, 0xc1, 0x87, 0x19, 0xc1, 0xfe, 0x1b, 0x80, 0xfc, 0x19, 0x00, 0x00,
    0x03, 0x06, 0x00, 0x07, 0x06, 0x00, 0x06, 0x7f, 0xfc, 0x06, 0x7f, 0xfc, 0x0c, 0x0c, 0x00, 0x0c,
    0x08, 0x00, 0x1d, 0xff, 0xfe, 0x1d, 0xff, 0xfe, 0x3c, 0x18, 0x00, 0x6c, 0x30, 0x00, 0x6c, 0x30,
    0x00, 0x0c, 0x3f, 0xfc, 0x0c, 0x3f, 0xfc, 0x0c, 0x00, 0x1c, 0x0c, 0x00, 0x38, 0x0c, 0x20, 0x70,
    0x0c, 0x78, 0xe0, 0x0c, 0x3f, 0xc0, 0x0c, 0x0f, 0x80, 0x0c, 0x03, 0xc0, 0x0c, 0x01, 0xe0, 0x0c,
    0x00, 0x40, 0x03, 0x03, 0x00, 0x03, 0x03, 0x00, 0x06, 0x03, 0x00, 0x06, 0x03, 0x00, 0x0d, 0xff,
    0xff, 0x0d, 0xff, 0xff, 0x0c, 0x03, 0x00, 0x1c, 0x03, 0x00, 0x1c, 0x03, 0x00, 0x3c, 0x03, 0x00,
    0x6c, 0x03, 0x00, 0x6c, 0x7f, 0xfc, 0x0c, 0x7f, 0xfc, 0x0c, 0x60, 0x0c, 0x0c, 0x60, 0x0c, 0x0c,
    0x60, 0x0c, 0x0c, 0x60, 0x0c, 0x0c, 0x60, 0x0c, 0x0c, 0x60, 0x0c, 0x0c, 0x7f, 0xfc, 0x0c, 0x7f,
    0xfc, 0x0c, 0x60, 0x0c, 0x03, 0x00, 0x00, 0x07, 0x00, 0x3e, 0x06, 0xff, 0xfe, 0x06, 0xff, 0xe0,
    0x0c, 0xc1, 0x80, 0x0c, 0xc1, 0x80, 0x18, 0xc1, 0x80, 0x38, 0xc1, 0x80, 0x38, 0xc1, 0x80, 0x78,
    0xff, 0xff, 0xd8, 0xff, 0xff, 0xd8, 0xc1, 0x80, 0x98, 0xc0, 0xc0, 0x18, 0xc0, 0xc0, 0x18, 0xc0,
    0xc0, 0x18, 0xc2, 0xc0, 0x18, 0xce, 0x63, 0x18, 0xfc, 0x63, 0x18, 0xf4, 0x33, 0x19, 0xc3, 0x3e,
    0x18, 0x81, 0x8e, 0x18, 0x00, 0x80, 0x00, 0x82, 0x00, 0x01, 0xc7, 0x00, 0x01, 0x83, 0x00, 0x03,
    0x03, 0x80, 0x07, 0x01, 0xc0, 0x0e, 0x00, 0xe0, 0x1c, 0x00, 0x70, 0x38, 0x00, 0x38, 0x70, 0x00,
    0x1e, 0xe0, 0x00, 0x0f, 0x5f, 0xff, 0xf2, 0x1f, 0xff, 0xf0, 0x00, 0xc0, 0x70, 0x00, 0xc0, 0x60,
    0x00, 0xc0, 0x60, 0x01, 0x80, 0x60, 0x01, 0x80, 0x60, 0x03, 0x00, 0x60, 0x07, 0x00, 0xe0, 0x1e,
    0x3f, 0xe0, 0x7c, 0x3f, 0x80, 0x30, 0x00, 0x00, 0x01, 0x00, 0x80, 0x03, 0x81, 0xc0, 0x00, 0xc3,
    0x80, 0xff, 0xff, 0xff, 0xff, 0xff, 0xff, 0x00, 0x00, 0x00, 0x3f, 0xf9, 0x8c, 0x3f, 0xf9, 0x8c,
    0x30, 0x19, 0x8c, 0x30, 0x19, 0x8c, 0x3f, 0xf9, 0x8c, 0x3f, 0xf9, 0x8c, 0x30, 0x19, 0x8c, 0x30,
    0x19, 0x8c, 0x3f, 0xf9, 0x8c, 0x3f, 0xf9, 0x8c, 0x30, 0x19, 0x8c, 0x30, 0x18, 0x0c, 0x30, 0x18,
    0x0c, 0x31, 0xf8, 0xfc, 0x31, 0xf0, 0xf8, 0x06, 0x06, 0x00, 0x06, 0x06, 0x00, 0x06, 0x06, 0x00,
    0x7f, 0x9f, 0xf0, 0x7f, 0x9f, 0xf0, 0x06, 0x06, 0x30, 0x07, 0xf6, 0x30, 0x1f, 0xde, 0x30, 0x7e,
    0x1f, 0x33, 0x66, 0x1b, 0xb3, 0x06, 0x79, 0x3b, 0x3e, 0xe0, 0x1e, 0x3c, 0x40, 0x0e, 0x00, 0x60,
    0x00, 0x3f, 0xff, 0xf8, 0x3f, 0xff, 0xf8, 0x00, 0x60, 0x18, 0x00, 0xc0, 0x18, 0x01, 0xc0, 0x38,
    0x0f, 0x8f, 0xf0, 0x7e, 0x0f, 0xe0, 0x30, 0x00, 0x00, 0x00, 0x20, 0x00, 0x00, 0x70, 0x00, 0x00,
    0xc1, 0x00, 0x01, 0x83, 0x80, 0x07, 0x00, 0xe0, 0x0f, 0xff, 0xf0, 0x00, 0x30, 0x18, 0x00, 0x60,
    0x00, 0x3f, 0xff, 0xfe, 0x3f, 0xff, 0xfe, 0x01, 0x81, 0x80, 0x03, 0x00, 0xc0, 0x06, 0x0e, 0x70,
    0x0c, 0x78, 0x3c, 0x33, 0xe0, 0x8f, 0x67, 0x87, 0xc2, 0x00, 0x3e, 0x30, 0x01, 0xf8, 0x70, 0x0f,
    0xc3, 0xc0, 0x06, 0x0f, 0x00, 0x00, 0xfc, 0x00, 0x0f, 0xe0, 0x00, 0x06, 0x00, 0x00, 0x3f, 0xff,
    0xfc, 0x3f, 0xff, 0xfc, 0x30, 0x00, 0x0c, 0x30, 0x00, 0x0c, 0x37, 0xff, 0xec, 0x37, 0xff, 0xec,
    0x30, 0x00, 0x0c, 0x30, 0x00, 0x0c, 0x31, 0xff, 0x8c, 0x31, 0xff, 0x8c, 0x31, 0x81, 0x8c, 0x31,
    0x81, 0x8c, 0x31, 0x81, 0x8c, 0x31, 0x81, 0x8c, 0x31, 0xff, 0x8c, 0x31, 0xff, 0x8c, 0x31, 0x80,
    0x0c, 0x30, 0x00, 0x0c, 0x30, 0x00, 0x0c, 0x30, 0x01, 0xfc, 0x30, 0x01, 0xf8, 0x3f, 0xe7, 0xfc,
    0x30, 0x66, 0x0c, 0x30, 0x66, 0x0c, 0x30, 0x66, 0x0c, 0x30, 0x66, 0x0c, 0x3f, 0xe7, 0xfc, 0x30,
    0x66, 0x0c, 0x00, 0x18, 0xc0, 0x00, 0x18, 0x60, 0x7f, 0xff, 0xff, 0x00, 0x7e, 0x00, 0x03, 0xe7,
    0xc0, 0xff, 0x81, 0xff, 0x78, 0x00, 0x3e, 0x3f, 0xe7, 0xfc, 0x30, 0x66, 0x0c, 0x30, 0x66, 0x0c,
    0x30, 0x66, 0x0c, 0x30, 0x66, 0x0c, 0x3f, 0xe7, 0xfc, 0x30, 0x66, 0x0c, 0x00, 0x00, 0x00, 0x3f,
    0xff, 0xfc, 0x3f, 0xff, 0xfc, 0x30, 0x00, 0x0c, 0x30, 0x00, 0x0c, 0x30, 0x00, 0x0c, 0x30, 0x00,
    0x0c, 0x31, 0xff, 0x8c, 0x31, 0xff, 0x8c, 0x31, 0x81, 0x8c, 0x31, 0x81, 0x8c, 0x31, 0x81, 0x8c,
    0x31, 0x81, 0x8c, 0x31, 0x81, 0x8c, 0x31, 0xff, 0x8c, 0x31, 0xff, 0x8c, 0x31, 0x81, 0x8c, 0x30,
    0x00, 0x0c, 0x30, 0x00, 0x0c, 0x30, 0x00, 0x0c, 0x3f, 0xff, 0xfc, 0x3f, 0xff, 0xfc, 0x3f, 0xff,
    0xfe, 0x3f, 0xff, 0xfe, 0x30, 0x00, 0x06, 0x30, 0x18, 0x06, 0x37, 0xff, 0xe6, 0x37, 0xff, 0xe6,
    0x30, 0x18, 0x06, 0x30, 0x18, 0x06, 0x33, 0xff, 0xc6, 0x33, 0xff, 0xc6, 0x30, 0x18, 0x06, 0x30,
    0x18, 0x06, 0x37, 0xff, 0xe6, 0x37, 0xff, 0xe6, 0x30, 0x18, 0x66, 0x30, 0x18, 0x66, 0x30, 0x1b,
    0xe6, 0x30, 0x1b, 0xc6, 0x30, 0x00, 0x06, 0x3f, 0xff, 0xfe, 0x3f, 0xff, 0xfe, 0x30, 0x00, 0x06,
    0x3f, 0xff, 0xfe, 0x3f, 0xff, 0xfe, 0x30, 0x00, 0x06, 0x30, 0x18, 0x06, 0x30, 0x18, 0x06, 0x37,
    0xff, 0xe6, 0x37, 0xff, 0xe6, 0x30, 0x18, 0x06, 0x30, 0x18, 0x06, 0x30, 0x18, 0x06, 0x31, 0xff,
    0x86, 0x31, 0xff, 0x86, 0x31, 0x81, 0x86, 0x31, 0x81, 0x86, 0x31, 0x81, 0x86, 0x31, 0xff, 0x86,
    0x31, 0xff, 0x86, 0x31, 0x81, 0x86, 0x30, 0x00, 0x06, 0x3f, 0xff, 0xfe, 0x3f, 0xff, 0xfe, 0x30,
    0x00, 0x06, 0x0c, 0x06, 0x00, 0x0c, 0x06, 0x00, 0x0c, 0x0c, 0x00, 0x0c, 0x0c, 0x00, 0x0c, 0x1f,
    0xfe, 0x0c, 0x1f, 0xfe, 0x7f, 0xb8, 0x0e, 0x7f, 0xb0, 0x0e, 0x0c, 0x78, 0x0e, 0x0c, 0x2e, 0x0c,
    0x0c, 0x07, 0x0c, 0x0c, 0x03, 0x8c, 0x0c, 0x01, 0x2c, 0x0c, 0x00, 0xec, 0x0c, 0x07, 0xcc, 0x0c,
    0x9f, 0x0c, 0x0f, 0xbc, 0x0c, 0x3f, 0x10, 0x0c, 0x78, 0x00, 0x0c, 0x60, 0x00, 0x1c, 0x00, 0x03,
    0xfc, 0x00, 0x03, 0xf8, 0x00, 0x00, 0x00, 0x01, 0x00, 0x00, 0x03, 0x00, 0x00, 0x07, 0xff, 0xf8,
    0x0f, 0xff, 0xf8, 0x1f, 0x00, 0x30, 0x39, 0xc0, 0xe0, 0x70, 0xe3, 0xc0, 0x20, 0x3f, 0x00, 0x00,
    0x7f, 0x00, 0x07, 0xc3, 0xe0, 0xff, 0x00, 0x7f, 0x60, 0x00, 0x0e, 0x0f, 0xff, 0xf8, 0x0c, 0x18,
    0x18, 0x0c, 0x18, 0x18, 0x0c, 0x18, 0x18, 0x0f, 0xff, 0xf8, 0x0c, 0x18, 0x18, 0x0c, 0x18, 0x18,
    0x0c, 0x18, 0x18, 0x0f, 0xff, 0xf8, 0x0c, 0x00, 0x18, 0x00, 0x18, 0x00, 0x00, 0x18, 0x00, 0x00,
    0x18, 0x00, 0x00, 0x18, 0x00, 0x00, 0x18, 0x00, 0x04, 0x18, 0x40, 0x0e, 0x18, 0xe0, 0x0c, 0x18,
    0x70, 0x1c, 0x18, 0x30, 0x18, 0x18, 0x38, 0x18, 0x18, 0x18, 0x30, 0x18, 0x1c, 0x70, 0x18, 0x0e,
    0x60, 0x18, 0x06, 0xe0, 0x18, 0x07, 0x40, 0x18, 0x02, 0x00, 0x18, 0x00, 0x00, 0x18, 0x00, 0x00,
    0x18, 0x00, 0x03, 0xf8, 0x00, 0x03, 0xf0, 0x00, 0x00, 0x00, 0x00, 0x3f, 0xff, 0xf0, 0x3f, 0xff,
    0xf0, 0x00, 0x00, 0x30, 0x00, 0x00, 0x30, 0x00, 0x00, 0x30, 0x18, 0x00, 0x30, 0x18, 0x00, 0x30,
    0x18, 0x00, 0x30, 0x1f, 0xff, 0xf0, 0x1f, 0xff, 0xf0, 0x18, 0x00, 0x30, 0x18, 0x00, 0x00, 0x18,
    0x00, 0x00, 0x18, 0x00, 0x04, 0x18, 0x00, 0x06, 0x18, 0x00, 0x06, 0x18, 0x00, 0x0e, 0x18, 0x00,
    0x0c, 0x1f, 0xff, 0xfc, 0x0f, 0xff, 0xf8, 0x0c, 0x01, 0x80, 0x0c, 0x01, 0x80, 0x0c, 0x01, 0xfe,
    0x0c, 0x01, 0xfe, 0x7f, 0x81, 0x80, 0x7f, 0x81, 0x80, 0x6d, 0x9f, 0xfc, 0x6d, 0x9f, 0xfc, 0x6d,
    0x98, 0x0c, 0x6d, 0x99, 0x8c, 0x6d, 0x99, 0x8c, 0x6d, 0x99, 0x8c, 0x6d, 0x99, 0x8c, 0x6d, 0x99,
    0x8c, 0x6d, 0x99, 0x8c, 0x6f, 0x99, 0x8c, 0x6f, 0x1b, 0x8c, 0x0c, 0x07, 0xc0, 0x0c, 0x0e, 0x70,
    0x0c, 0x3c, 0x3c, 0x0c, 0xf8, 0x0e, 0x0c, 0x60, 0x04, 0x3f, 0xff, 0xfc, 0x3f, 0xff, 0xfc, 0x00,
    0x18, 0x00, 0x08, 0x18, 0x10, 0x1c, 0x18, 0x38, 0x0e, 0x18, 0x30, 0x06, 0x18, 0x60, 0x03, 0x18,
    0xe0, 0x03, 0x99, 0xc0, 0x01, 0x18, 0x80, 0x00, 0x18, 0x00, 0x7f, 0xff, 0xfe, 0x7f, 0xff, 0xfe,
    0x00, 0x18, 0x00, 0x00, 0x18, 0x00, 0x00, 0x18, 0x00, 0x00, 0x18, 0x00, 0x00, 0x18, 0x00, 0x00,
    0x18, 0x00, 0x00, 0x18, 0x00, 0x00, 0x18, 0x00, 0x00, 0x04, 0x00, 0x00, 0x0e, 0x00, 0x00, 0x03,
    0x00, 0x1f, 0xff, 0xff, 0x1f, 0xff, 0xff, 0x18, 0x00, 0x00, 0x18, 0x60, 0x60, 0x1b, 0xff, 0xff,
    0x1b, 0xff, 0xff, 0x18, 0x60, 0x60, 0x18, 0x7f, 0xe0, 0x18, 0x7f, 0xe0, 0x18, 0x60, 0x60, 0x18,
    0x00, 0x00, 0x1b, 0xff, 0xf8, 0x1b, 0xff, 0xf8, 0x38, 0xc0, 0x30, 0x30, 0x70, 0xe0, 0x30, 0x3b,
    0xc0, 0x70, 0x0f, 0x00, 0x60, 0x7f, 0xe0, 0xef, 0xe0, 0xff, 0x47, 0x00, 0x0e, 0x3f, 0xff, 0xfe,
    0x3f, 0xff, 0xfe, 0x01, 0x80, 0xc0, 0x01, 0x80, 0xc0, 0x01, 0x80, 0xc0, 0x01, 0x80, 0xc0, 0x01,
    0x80, 0xc0, 0x01, 0x80, 0xc0, 0x7f, 0xff, 0xff, 0x7f, 0xff, 0xff, 0x01, 0x80, 0xc0, 0x01, 0x80,
    0xc0, 0x01, 0x80, 0xc0, 0x01, 0x80, 0xc0, 0x03, 0x00, 0xc0, 0x03, 0x00, 0xc0, 0x07, 0x00, 0xc0,
    0x0e, 0x00, 0xc0, 0x3c, 0x00, 0xc0, 0x78, 0x00, 0xc0, 0x20, 0x00, 0xc0, 0x00, 0x18, 0x00, 0x10,
    0x18, 0x10, 0x18, 0x18, 0x38, 0x0c, 0x18, 0x70, 0x06, 0x18, 0xe0, 0x07, 0x19, 0xc0, 0x02, 0x19,
    0x00, 0x00, 0x18, 0x00, 0x1f, 0xff, 0xf8, 0x1f, 0xff, 0xf8, 0x00, 0x00, 0x18, 0x00, 0x00, 0x18,
    0x00, 0x00, 0x18, 0x1f, 0xff, 0xf8, 0x1f, 0xff, 0xf8, 0x00, 0x00, 0x18, 0x00, 0x00, 0x18, 0x00,
    0x00, 0x18, 0x00, 0x00, 0x18, 0x3f, 0xff, 0xf8, 0x3f, 0xff, 0xf8, 0x00, 0x00, 0x18, 0x00, 0x18,
    0x00, 0x00, 0x18, 0x00, 0x00, 0x18, 0x00, 0x7f, 0xff, 0xfe, 0x7f, 0xff, 0xfe, 0x00, 0x38, 0x00,
    0x00, 0x34, 0x00, 0x00, 0x63, 0x00, 0x01, 0xc1, 0xc0, 0x07, 0xe0, 0x78, 0x1e, 0x30, 0x3f, 0x7c,
    0x18, 0x06, 0x20, 0x00, 0x00, 0x00, 0x30, 0x10, 0x19, 0x98, 0x18, 0x19, 0x8e, 0x4c, 0x31, 0x82,
    0x66, 0x31, 0x80, 0x67, 0x71, 0x80, 0xe2, 0x21, 0xff, 0xc0, 0x00, 0xff, 0x80, 0x00, 0x01, 0x90,
    0x00, 0x01, 0xb8, 0x00, 0x01, 0x90, 0x1f, 0xff, 0xff, 0x1f, 0xff, 0xff, 0x18, 0x01, 0x80, 0x1b,
    0xfd, 0x88, 0x18, 0x01, 0x9c, 0x1b, 0xfc, 0xd8, 0x1b, 0x0c, 0xf0, 0x1b, 0x0c, 0x62, 0x3b, 0x0c,
    0xe3, 0x33, 0xff, 0xb6, 0x33, 0x03, 0x3e, 0x60, 0x30, 0x0c, 0x39, 0x98, 0x00, 0x19, 0x8e, 0x58,
    0x31, 0x84, 0x6c, 0x31, 0x80, 0xe6, 0x61, 0xff, 0xc3, 0x20, 0xff, 0x80, 0x0c, 0x00, 0x00, 0x0c,
    0x7f, 0xfe, 0x0c, 0x7f, 0xfe, 0x0c, 0x60, 0x06, 0x7f, 0x60, 0x06, 0x7f, 0x7f, 0xfe, 0x0c, 0x7f,
    0xfe, 0x0c, 0x60, 0xc6, 0x0c, 0x60, 0xc0, 0x0c, 0x7f, 0xff, 0x0f, 0x7f, 0xff, 0x7f, 0x60, 0xc0,
    0x7c, 0x60, 0xc0, 0x0c, 0x60, 0xc0, 0x0c, 0x7f, 0xfe, 0x0c, 0xdf, 0xfe, 0x0c, 0xd8, 0x06, 0x0c,
    0xd8, 0x06, 0x0d, 0x98, 0x06, 0x0d, 0x1f, 0xfe, 0x7f, 0x1f, 0xfe, 0x0c, 0x01, 0x00, 0x0c, 0x03,
    0x80, 0x0c, 0x01, 0x80, 0x0c, 0x7f, 0xfe, 0x0c, 0x7f, 0xfe, 0x7f, 0x90, 0x10, 0x7f, 0x98, 0x38,
    0x0c, 0x0c, 0x60, 0x0c, 0xff, 0xfe, 0x0c, 0xff, 0xfe, 0x0c, 0x02, 0x00, 0x0f, 0x07, 0x00, 0x1f,
    0x06, 0x00, 0x7c, 0xff, 0xfe, 0x6c, 0xff, 0xfe, 0x0c, 0x18, 0x30, 0x0c, 0x30, 0x70, 0x0c, 0x38,
    0x60, 0x0c, 0x0f, 0xc0, 0x0c, 0x03, 0xe0, 0x0c, 0x1f, 0x78, 0x7d, 0xfc, 0x1e, 0x78, 0xc0, 0x04,
    0x02, 0x01, 0x80, 0x06, 0x01, 0x80, 0x03, 0x03, 0x80, 0x00, 0x03, 0x00, 0xff, 0xfb, 0x00, 0xff,
    0xff, 0xff, 0x00, 0x07, 0xff, 0x11, 0x8f, 0x0c, 0x38, 0xcf, 0x0c, 0x60, 0x73, 0x0c, 0xc0, 0x13,
    0x98, 0x80, 0x83, 0x98, 0x31, 0xc1, 0x98, 0x1d, 0x81, 0xf8, 0x0f, 0x00, 0xf0, 0x07, 0x00, 0xf0,
    0x07, 0xc0, 0xe0, 0x0d, 0xe1, 0xf0, 0x1c, 0x47, 0xb8, 0x70, 0x1f, 0x1e, 0xe0, 0x3c, 0x0f, 0x40,
    0x10, 0x02, 0x03, 0x01, 0x80, 0x43, 0x21, 0x80, 0x63, 0x31, 0x00, 0x33, 0x63, 0x00, 0x23, 0x43,
    0x00, 0x03, 0x03, 0xfe, 0x7f, 0xf3, 0xfe, 0x7f, 0xf6, 0x0c, 0x07, 0x06, 0x0c, 0x0f, 0xce, 0x0c,
    0x1b, 0x6e, 0x18, 0x63, 0x3f, 0x18, 0xcc, 0x01, 0x18, 0x18, 0x01, 0x18, 0xff, 0xe1, 0xb0, 0xff,
    0xe0, 0xb0, 0x30, 0x60, 0xe0, 0x60, 0xc0, 0x60, 0x3d, 0x80, 0xf0, 0x0f, 0x81, 0xb8, 0x1f, 0xe3,
    0x1e, 0xf8, 0x4e, 0x07, 0x60, 0x18, 0x02, 0x61, 0x80, 0x0f, 0x71, 0x8b, 0xff, 0x79, 0x9f, 0xf0,
    0x6d, 0xbb, 0x00, 0x6f, 0xa3, 0x00, 0x65, 0xc3, 0x00, 0x61, 0x83, 0x00, 0x7f, 0xf3, 0x00, 0x7f,
    0xf3, 0xff, 0x63, 0x83, 0xff, 0x63, 0xc3, 0x18, 0x67, 0xe3, 0x18, 0x6d, 0xb3, 0x18, 0x7d, 0x9b,
    0x18, 0x79, 0x8b, 0x18, 0x71, 0x83, 0x18, 0x61, 0x86, 0x18, 0x60, 0x06, 0x18, 0x7f, 0xec, 0x18,
    0x7f, 0xec, 0x18, 0x00, 0x18, 0x18, 0x1f, 0xff, 0xfc, 0x1f, 0xff, 0xfc, 0x00, 0x18, 0x00, 0x00,
    0x18, 0x00, 0x00, 0x18, 0x00, 0x00, 0x18, 0x00, 0x00, 0x10, 0x00, 0x7f, 0xff, 0xff, 0x7f, 0xff,
    0xff, 0x00, 0x30, 0x00, 0x00, 0x70, 0x00, 0x00, 0x66, 0x00, 0x00, 0xe6, 0x00, 0x00, 0xc6, 0x02,
    0x01, 0xc6, 0x03, 0x03, 0x86, 0x03, 0x07, 0x06, 0x03, 0x0e, 0x06, 0x07, 0x3c, 0x07, 0xfe, 0x78,
    0x03, 0xfc, 0x20, 0x00, 0x00, 0x00, 0x00, 0x30, 0x00, 0x00, 0x30, 0x7f, 0x80, 0x30, 0x7f, 0x80,
    0x30, 0x61, 0x80, 0x30, 0x61, 0xbf, 0xfe, 0x61, 0xbf, 0xfe, 0x61, 0x80, 0x30, 0x61, 0x80, 0x30,
    0x7f, 0x88, 0x30, 0x7f, 0x98, 0x30, 0x61, 0x8c, 0x30, 0x61, 0x8c, 0x30, 0x61, 0x86, 0x30, 0x61,
    0x84, 0x30, 0x61, 0x80, 0x30, 0x61, 0x80, 0x30, 0x7f, 0x80, 0x30, 0x7f, 0x80, 0x30, 0x61, 0x80,
    0x30, 0x61, 0x87, 0xf0, 0x00, 0x07, 0xe0, 0x00, 0x0f, 0xfc, 0x3f, 0x8f, 0xfc, 0x3f, 0x8c, 0x0c,
    0x31, 0x8c, 0x0c, 0x31, 0x8c, 0x0c, 0x31, 0x8c, 0x0c, 0x31, 0x8f, 0xfc, 0x3f, 0x8f, 0xfc, 0x3f,
    0x8c, 0x0c, 0x31, 0x8c, 0x0c, 0x31, 0x8c, 0x0c, 0x31, 0x8c, 0x0c, 0x31, 0x8f, 0xfc, 0x31, 0x9f,
    0xfc, 0x3f, 0x9c, 0x0c, 0x3f, 0x98, 0x0c, 0x30, 0x38, 0x0c, 0x30, 0x70, 0x0c, 0x00, 0xe0, 0x0c,
    0x01, 0xe1, 0xfc, 0x00, 0x81, 0xf8, 0x0f, 0xff, 0xf0, 0x0c, 0x00, 0x30, 0x0c, 0x00, 0x30, 0x0f,
    0xff, 0xf0, 0x0c, 0x00, 0x30, 0x0c, 0x00, 0x30, 0x0f, 0xff, 0xf0, 0x0c, 0x00, 0x30, 0x00, 0x00,
    0x00, 0xff, 0xff, 0xff, 0x18, 0x30, 0x00, 0x18, 0x30, 0x00, 0x1f, 0xf7, 0xfc, 0x18, 0x33, 0x0c,
    0x18, 0x33, 0x18, 0x1f, 0xf1, 0x98, 0x18, 0x31, 0xb0, 0x18, 0x3c, 0xe0, 0x1f, 0xb1, 0xf0, 0xf0,
    0x33, 0x9c, 0x00, 0x3c, 0x07, 0x00, 0x30, 0x00, 0x00, 0x70, 0x00, 0x00, 0x60, 0x00, 0x7f, 0xff,
    0xff, 0x7f, 0xff, 0xff, 0x00, 0xc0, 0x00, 0x01, 0x80, 0x00, 0x03, 0xff, 0xf8, 0x07, 0xff, 0xf8,
    0x0e, 0x00, 0x18, 0x1e, 0x00, 0x18, 0x77, 0xff, 0xf8, 0xe7, 0xff, 0xf8, 0x46, 0x00, 0x18, 0x06,
    0x00, 0x18, 0x06, 0x00, 0x18, 0x07, 0xff, 0xf8, 0x07, 0xff, 0xf8, 0x06, 0x00, 0x18, 0x06, 0x00,
    0x18, 0x06, 0x00, 0x18, 0x06, 0x03, 0xf8, 0x06, 0x03, 0xf0, 0x00, 0x18, 0x00, 0x00, 0x18, 0x00,
    0x00, 0x18, 0x00, 0x00, 0x18, 0x00, 0x3f, 0xff, 0xfc, 0x3f, 0xff, 0xfc, 0x00, 0x18, 0x00, 0x00,
    0x18, 0x00, 0x00, 0x18, 0x00, 0x00, 0x18, 0x00, 0xff, 0xff, 0xfe, 0xff, 0xff, 0xfe, 0x00, 0x3c,
    0x00, 0x00, 0x7e, 0x00, 0x00, 0xdb, 0x00, 0x03, 0x99, 0x80, 0x07, 0x18, 0xc0, 0x1e, 0x18, 0x70,
    0x38, 0x18, 0x38, 0xf0, 0x18, 0x1e, 0x40, 0x18, 0x04, 0x00, 0x18, 0x00, 0x00, 0x18, 0x00, 0x38,
    0x0c, 0x00, 0x0f, 0x0c, 0x00, 0x02, 0x0c, 0x00, 0x00, 0x7f, 0xe0, 0x60, 0x7f, 0xe0, 0xf8, 0x0c,
    0x60, 0x30, 0x0c, 0x63, 0x02, 0x18, 0x63, 0x0f, 0x18, 0x63, 0x3e, 0x30, 0x67, 0xf0, 0x70, 0x7e,
    0x40, 0xe0, 0x3e, 0x01, 0x98, 0x00, 0x00, 0x18, 0x00, 0xff, 0xff, 0xff, 0xff, 0xff, 0xff, 0x00,
    0x5e, 0x00, 0x01, 0x9b, 0x00, 0x07, 0x19, 0xc0, 0x3e, 0x18, 0x78, 0xf8, 0x18, 0x1f, 0x40, 0x18,
    0x06, 0x00, 0x18, 0x00, 0x0c, 0x01, 0x00, 0x0c, 0x03, 0x80, 0x0c, 0x01, 0xc0, 0x0c, 0x00, 0xc0,
    0x0c, 0x7f, 0xfe, 0xff, 0xff, 0xfe, 0xff, 0x80, 0x00, 0x0c, 0x08, 0x20, 0x1e, 0x1c, 0x30, 0x1f,
    0x18, 0x18, 0x1d, 0xb0, 0x0c, 0x3c, 0xf8, 0x36, 0x2c, 0x38, 0x32, 0x6c, 0x0c, 0x60, 0xcc, 0x0c,
    0x60, 0xcc, 0x06, 0xc0, 0x8c, 0x07, 0xc0, 0x0c, 0x03, 0x80, 0x0c, 0x03, 0xc0, 0x0c, 0x0e, 0xe0,
    0x0c, 0x1c, 0x78, 0x0c, 0x38, 0x1e, 0x0c, 0xf0, 0x04, 0x0c, 0x40, 0x00, 0x00, 0x0c, 0x00, 0x00,
    0x0c, 0x00, 0x06, 0x0c, 0x00, 0x06, 0x0f, 0xfc, 0x06, 0x0f, 0xfc, 0x06, 0x0c, 0x00, 0x06, 0x0c,
    0x00, 0x06, 0x0c, 0x00, 0x7f, 0xff, 0xff, 0x7f, 0xff, 0xff, 0x00, 0x00, 0x00, 0x01, 0x0c, 0x08,
    0x03, 0x8c, 0x1c, 0x07, 0x0c, 0x38, 0x0e, 0x0c, 0x70, 0x1c, 0x0c, 0xe0, 0x38, 0x0f, 0xc0, 0x10,
    0x0f, 0x80, 0x00, 0x3e, 0x00, 0x00, 0xfc, 0x00, 0x0f, 0xe0, 0x00, 0x7f, 0x00, 0x00, 0x38, 0x00,
    0x00, 0x06, 0x00, 0x00, 0x06, 0x00, 0x00, 0x0c, 0x00, 0x00, 0x0f, 0xff, 0xfe, 0x1f, 0xff, 0xfe,
    0x18, 0x00, 0x00, 0x18, 0x00, 0x00, 0x37, 0xff, 0xf0, 0x37, 0xff, 0xf0, 0x60, 0x00, 0x00, 0xe0,
    0x00, 0x00, 0xff, 0xff, 0xe0, 0xbf, 0xff, 0xe0, 0x00, 0x00, 0x60, 0x00, 0x00, 0x60, 0x00, 0x00,
    0x60, 0x00, 0x00, 0x60, 0x00, 0x00, 0x63, 0x00, 0x00, 0x73, 0x00, 0x00, 0x33, 0x00, 0x00, 0x3f,
    0x00, 0x00, 0x1e, 0x00, 0x00, 0x1c, 0x20, 0x00, 0x00, 0x70, 0xff, 0xfe, 0x3c, 0xff, 0xfe, 0x0e,
    0x00, 0x00, 0x04, 0x00, 0x00, 0x00, 0x00, 0x00, 0x40, 0x00, 0x00, 0xf1, 0xff, 0xff, 0x79, 0xff,
    0xff, 0x1c, 0x30, 0x00, 0x08, 0x30, 0x00, 0x00, 0x20, 0x00, 0x00, 0x60, 0x00, 0x08, 0x7f, 0xfc,
    0x1c, 0x7f, 0xfc, 0x18, 0x00, 0x0c, 0x18, 0x00, 0x0c, 0x30, 0x00, 0x0c, 0x30, 0x00, 0x18, 0x70,
    0x0f, 0xf8, 0x20, 0x0f, 0xf0, 0x0c, 0x06, 0x00, 0x0c, 0x06, 0x00, 0x0c, 0x06, 0x00, 0x0c, 0x06,
    0x00, 0x7f, 0xbf, 0xf0, 0x7f, 0xbf, 0xf0, 0x0c, 0x06, 0x30, 0x0c, 0x06, 0x30, 0x0f, 0x26, 0x30,
    0x1f, 0x7e, 0x30, 0x7c, 0x1e, 0x30, 0x6c, 0x0f, 0x33, 0x0c, 0x1f, 0xb3, 0x0c, 0x19, 0x33, 0x0c,
    0x30, 0x1b, 0x7c, 0xf0, 0x1e, 0x79, 0xe0, 0x0e, 0x00, 0xc0, 0x00, 0x00, 0x00, 0x08, 0x11, 0x82,
    0x1c, 0x39, 0xc7, 0x0c, 0x30, 0xc3, 0x06, 0x70, 0xe3, 0x87, 0x20, 0x41, 0x02, 0x06, 0x0c, 0x00,
    0x06, 0x1c, 0x00, 0x36, 0x18, 0x00, 0x36, 0x1f, 0xfe, 0x36, 0x3f, 0xfe, 0x7f, 0xb6, 0x66, 0x7f,
    0xe6, 0x66, 0x66, 0xe6, 0x66, 0x66, 0x46, 0x46, 0xc6, 0x0c, 0xc6, 0x46, 0x8c, 0xc6, 0x07, 0x8c,
    0xc6, 0x0f, 0x18, 0xc6, 0x7e, 0x39, 0x8c, 0xf6, 0x31, 0x8c, 0x86, 0x63, 0x0c, 0x06, 0xe7, 0x0c,
    0x06, 0x4e, 0x0c, 0x06, 0x1c, 0x0c, 0x06, 0x38, 0x0c, 0x06, 0x71, 0xfc, 0x06, 0x21, 0xf8, 0x03,
    0x03, 0x00, 0x03, 0x03, 0x20, 0x03, 0x03, 0x70, 0x03, 0x03, 0x1c, 0x23, 0x03, 0x08, 0x73, 0x03,
    0x00, 0x33, 0x03, 0x00, 0x33, 0x7f, 0xfe, 0x3b, 0x7f, 0xfe, 0x13, 0x03, 0x00, 0x03, 0x03, 0x00,
    0x03, 0x07, 0x80, 0x07, 0x07, 0x80, 0x0f, 0x06, 0x80, 0x3b, 0x06, 0xc0, 0x73, 0x0c, 0xc0, 0xe3,
    0x0c, 0x60, 0x43, 0x18, 0x70, 0x03, 0x18, 0x38, 0x03, 0x30, 0x1c, 0x03, 0x70, 0x0e, 0x03, 0xe0,
    0x07, 0x03, 0x40, 0x02, 0x18, 0x00, 0x00, 0x18, 0x00, 0x00, 0x30, 0x00, 0x00, 0x30, 0x07, 0xfe,
    0x3f, 0xe7, 0xfe, 0x7f, 0xe6, 0x06, 0x66, 0x06, 0x06, 0xe6, 0x06, 0x06, 0x46, 0x06, 0x06, 0x06,
    0x06, 0x06, 0x06, 0x06, 0x06, 0xff, 0xf6, 0x06, 0xff, 0xf6, 0x06, 0x06, 0x06, 0x06, 0x07, 0x06,
    0x06, 0x07, 0x86, 0x06, 0x0d, 0xc6, 0x06, 0x0c, 0xe6, 0x06, 0x1c, 0x77, 0xfe, 0x38, 0x27, 0xfe,
    0x70, 0x06, 0x06, 0xe0, 0x06, 0x06, 0x40, 0x00, 0x00, 0x00, 0x01, 0x80, 0x03, 0xc1, 0x80, 0xff,
    0xc1, 0x80, 0xfc, 0x01, 0x80, 0x0c, 0x0d, 0x88, 0x0c, 0x0d, 0x9c, 0x0c, 0x19, 0x8c, 0xff, 0x99,
    0x86, 0xff, 0x99, 0x86, 0x1c, 0x31, 0x83, 0x1c, 0x31, 0x82, 0x1d, 0x71, 0x84, 0x3f, 0xa1, 0x8e,
    0x3d, 0xc1, 0x8c, 0x6c, 0x41, 0x9c, 0x6c, 0x00, 0x38, 0xcc, 0x00, 0x70, 0xcc, 0x00, 0xe0, 0x8c,
    0x01, 0xc0, 0x0c, 0x07, 0x00, 0x0c, 0x3e, 0x00, 0x0c, 0xf8, 0x00, 0x0c, 0x60, 0x00, 0x00, 0x10,
    0x00, 0x00, 0x38, 0x00, 0x00, 0x1c, 0x00, 0x7f, 0xff, 0xfe, 0x7f, 0xff, 0xfe, 0x60, 0x00, 0x06,
    0x60, 0x41, 0x06, 0x61, 0xc3, 0xc6, 0x03, 0x00, 0xe0, 0x0e, 0x00, 0x78, 0x3c, 0x00, 0x1e, 0xf0,
    0x00, 0x07, 0x40, 0x00, 0x02, 0x1f, 0xff, 0xf8, 0x1f, 0xff, 0xf8, 0x00, 0x18, 0x00, 0x00, 0x18,
    0x00, 0x00, 0x18, 0x00, 0x00, 0x18, 0x00, 0x00, 0x18, 0x00, 0x7f, 0xff, 0xfe, 0x7f, 0xff, 0xfe,
    0x00, 0x01, 0x00, 0x0c, 0x03, 0x80, 0x0c, 0x01, 0x80, 0x8c, 0x81, 0xc0, 0xcc, 0xc0, 0x80, 0x4d,
    0xbf, 0xfe, 0x6d, 0xbf, 0xfe, 0x4d, 0x00, 0x00, 0x0c, 0x18, 0x0c, 0xff, 0xd8, 0x0c, 0xff, 0xdc,
    0x18, 0x1c, 0x0c, 0x18, 0x1c, 0x0c, 0x18, 0x1f, 0x0c, 0x18, 0x3f, 0x8c, 0x30, 0x2d, 0xcc, 0x30,
    0x6c, 0x46, 0x30, 0x6c, 0x06, 0x30, 0xcc, 0x06, 0x60, 0xcc, 0x00, 0x60, 0x0c, 0x00, 0x60, 0x0c,
    0x7f, 0xff, 0x0c, 0x7f, 0xff, 0x0c, 0x00, 0x00, 0x04, 0x00, 0x00, 0x0c, 0x00, 0x00, 0x0c, 0x7f,
    0xfe, 0x18, 0x7f, 0xfe, 0x18, 0x61, 0x86, 0x31, 0x61, 0x86, 0x63, 0xe1, 0x86, 0x43, 0x61, 0x86,
    0xfe, 0x61, 0x86, 0xfc, 0x61, 0x86, 0x0c, 0x7f, 0xfe, 0x18, 0x7f, 0xfe, 0x30, 0x61, 0x86, 0x2f,
    0x61, 0x86, 0x7f, 0x61, 0x86, 0x70, 0x61, 0x86, 0x00, 0x61, 0x86, 0x00, 0x61, 0x86, 0x1f, 0x61,
    0x86, 0xff, 0x7f, 0xfe, 0xe0, 0x7f, 0xfe, 0x00, 0x60, 0x06, 0x00, 0x60, 0x00, 0x00, 0x60, 0x08,
    0x00, 0x60, 0x18, 0x1f, 0xff, 0xb0, 0x1f, 0xff, 0xe0, 0x00, 0x60, 0xc0, 0x00, 0x63, 0x80, 0x7f,
    0xff, 0xfe, 0x7f, 0xff, 0xfe, 0x00, 0x38, 0x00, 0x00, 0x7f, 0xfc, 0x01, 0xff, 0xfc, 0x0f, 0x60,
    0x00, 0x3c, 0xc0, 0x00, 0xf0, 0xff, 0xe0, 0x40, 0xff, 0xe0, 0x00, 0x00, 0x60, 0x00, 0x00, 0x60,
    0x00, 0x00, 0x60, 0x00, 0x00, 0xc0, 0x00, 0x7f, 0xc0, 0x00, 0x7f, 0x80, 0x00, 0x00, 0x00, 0x00,
    0x10, 0x00, 0x00, 0x38, 0x00, 0x00, 0x18, 0x00, 0x1f, 0xff, 0xf8, 0x1f, 0xff, 0xf8, 0x18, 0x00,
    0x18, 0x18, 0x00, 0x18, 0x1f, 0xff, 0xf8, 0x1f, 0xff, 0xf8, 0x18, 0x00, 0x18, 0x18, 0x00, 0x18,
    0x18, 0x00, 0x18, 0x1f, 0xff, 0xf8, 0x1f, 0xff, 0xf8, 0x18, 0x60, 0x04, 0x18, 0x30, 0x1e, 0x18,
    0x38, 0x78, 0x18, 0x1f, 0xe0, 0x18, 0x2f, 0x00, 0x19, 0xe7, 0x80, 0x1f, 0xc1, 0xf0, 0x3e, 0x00,
    0x7f, 0x10, 0x00, 0x0e, 0x00, 0x00, 0x00, 0x01, 0x81, 0x80, 0x01, 0x81, 0x80, 0x01, 0x81, 0x80,
    0xff, 0xff, 0xff, 0xff, 0xff, 0xff, 0x01, 0x81, 0x80, 0x09, 0x81, 0x80, 0x1c, 0x00, 0x00, 0x0e,
    0x3f, 0xf8, 0x47, 0x3f, 0xf8, 0xe2, 0x30, 0x18, 0x70, 0x30, 0x18, 0x38, 0x30, 0x18, 0x10, 0x30,
    0x18, 0x04, 0x30, 0x38, 0x06, 0x33, 0xf0, 0x0c, 0x33, 0xe2, 0x0c, 0x30, 0x03, 0x18, 0x30, 0x03,
    0x38, 0x30, 0x03, 0x30, 0x30, 0x06, 0x70, 0x3f, 0xfe, 0x20, 0x1f, 0xfc, 0x02, 0x00, 0x00, 0x07,
    0x00, 0x00, 0x06, 0x1f, 0xfe, 0x0c, 0x1f, 0xfe, 0x1c, 0x00, 0x00, 0x38, 0x00, 0x00, 0x71, 0x00,
    0x00, 0xe3, 0x80, 0x00, 0x83, 0x00, 0x00, 0x06, 0x7f, 0xff, 0x0c, 0x7f, 0xff, 0x1c, 0x00, 0x60,
    0x3c, 0x00, 0x60, 0x7c, 0x00, 0x60, 0xec, 0x00, 0x60, 0x8c, 0x00, 0x60, 0x0c, 0x00, 0x60, 0x0c,
    0x00, 0x60, 0x0c, 0x00, 0x60, 0x0c, 0x00, 0x60, 0x0c, 0x00, 0x60, 0x0c, 0x0f, 0xe0, 0x0c, 0x0f,
    0xc0, 0x00, 0x00, 0x00, 0x20, 0x3f, 0xf0, 0x38, 0x3f, 0xf0, 0x1c, 0x30, 0x30, 0x08, 0x30, 0x30,
    0x00, 0x70, 0x30, 0x00, 0x60, 0x3f, 0xf9, 0xc0, 0x1f, 0xf8, 0x80, 0x00, 0x18, 0x00, 0x00, 0x18,
    0xff, 0xf8, 0x18, 0xff, 0xf8, 0x18, 0x60, 0x18, 0x18, 0x30, 0x30, 0x18, 0x38, 0x60, 0x19, 0x1c,
    0xe0, 0x1b, 0x0f, 0xc0, 0x1f, 0x07, 0x80, 0x1c, 0x3f, 0xc0, 0x39, 0xf8, 0xf8, 0x17, 0xe0, 0x3f,
    0x03, 0x00, 0x06, 0x20, 0x00, 0x00, 0x30, 0x7f, 0xfc, 0x18, 0x7f, 0xfc, 0x1c, 0x60, 0x0c, 0x08,
    0x60, 0x0c, 0x00, 0x60, 0x0c, 0x00, 0x7f, 0xfc, 0x00, 0x7f, 0xfc, 0x78, 0x60, 0x0c, 0x78, 0x00,
    0x00, 0x18, 0xff, 0xfe, 0x18, 0xff, 0xfe, 0x18, 0x03, 0x00, 0x18, 0x03, 0x00, 0x19, 0xff, 0xff,
    0x19, 0xff, 0xff, 0x19, 0x07, 0x80, 0x1f, 0x0c, 0x80, 0x1e, 0x1c, 0xe0, 0x38, 0x78, 0x78, 0x13,
    0xe0, 0x1f, 0x01, 0x80, 0x06, 0x06, 0x03, 0x00, 0x06, 0x06, 0x00, 0x06, 0x07, 0xf8, 0x7f, 0xcf,
    0xf8, 0x7f, 0xcc, 0x18, 0x06, 0x18, 0x30, 0x06, 0x10, 0x60, 0x06, 0x3f, 0xfc, 0x06, 0x0f, 0xfc,
    0xff, 0xe0, 0x0c, 0xff, 0xe0, 0x0c, 0x03, 0x00, 0x0c, 0x33, 0x0f, 0xfc, 0x33, 0x0f, 0xfc, 0x33,
    0xe0, 0x0c, 0x33, 0xe0, 0x0c, 0x33, 0x00, 0x0c, 0x33, 0x1f, 0xfc, 0x7b, 0x1f, 0xfc, 0x7f, 0x00,
    0x0c, 0x6f, 0x80, 0x00, 0xc7, 0xff, 0xff, 0xc0, 0xff, 0xfe, 0x80, 0x00, 0x00, 0x0c, 0x00, 0x00,
    0x0c, 0x00, 0x00, 0x1c, 0x3f, 0xf8, 0x18, 0x3f, 0xf8, 0xff, 0xc0, 0x18, 0xff, 0xc0, 0x30, 0x18,
    0x00, 0xe0, 0x36, 0x01, 0xc0, 0x36, 0x07, 0xf0, 0x36, 0x1e, 0x3c, 0x66, 0x78, 0x0f, 0x7f, 0xa0,
    0x02, 0x7f, 0x80, 0x00, 0x06, 0x3f, 0xfc, 0x06, 0x3f, 0xfc, 0x07, 0xc1, 0x80, 0xff, 0xc1, 0x80,
    0xfe, 0x01, 0x80, 0x06, 0x01, 0x80, 0x06, 0x01, 0x80, 0x06, 0x7f, 0xfe, 0x06, 0x7f, 0xfe, 0x06,
    0x00, 0x00, 0x20, 0x00, 0x00, 0x30, 0xff, 0xf8, 0x18, 0xff, 0xf8, 0x1c, 0x00, 0x00, 0x08, 0x00,
    0x00, 0x00, 0x00, 0x00, 0x00, 0x00, 0x00, 0x01, 0xff, 0xfe, 0x7d, 0xff, 0xfe, 0x7c, 0x0c, 0x00,
    0x0c, 0x08, 0x00, 0x0c, 0x18, 0x40, 0x0c, 0x10, 0xe0, 0x0c, 0x30, 0x70, 0x0c, 0x20, 0x30, 0x0c,
    0x67, 0xf8, 0x0c, 0xff, 0xdc, 0x0c, 0x40, 0x08, 0x1e, 0x00, 0x00, 0x37, 0x00, 0x00, 0x63, 0xff,
    0xfe, 0x40, 0xff, 0xfc, 0x10, 0x00, 0x3e, 0x38, 0x7f, 0xfe, 0x1c, 0x7f, 0xc0, 0x0e, 0x60, 0x00,
    0x04, 0x60, 0x00, 0x00, 0x60, 0x00, 0x00, 0x7f, 0xfc, 0x00, 0x7f, 0xfc, 0x7c, 0x60, 0x0c, 0x7c,
    0x68, 0x18, 0x0c, 0x7c, 0x18, 0x0c, 0x67, 0x30, 0x0c, 0xc3, 0xf0, 0x0c, 0xc1, 0xe0, 0x0d, 0xc1,
    0xf0, 0x0d, 0x83, 0xb8, 0x0f, 0x8f, 0x1c, 0x0d, 0x3c, 0x0e, 0x1e, 0x10, 0x04, 0x37, 0x00, 0x00,
    0x63, 0xff, 0xff, 0x40, 0xff, 0xfe, 0x00, 0x00, 0x00, 0x00, 0x06, 0x00, 0x10, 0x0c, 0x00, 0x38,
    0x0c, 0x00, 0x1c, 0xff, 0xfe, 0x0e, 0xff, 0xfe, 0x04, 0x18, 0x00, 0x00, 0x31, 0x80, 0x00, 0x31,
    0x80, 0x00, 0x61, 0x80, 0x7c, 0xc1, 0x80, 0x7c, 0xff, 0xfe, 0x0c, 0xff, 0xfe, 0x0c, 0x01, 0x80,
    0x0c, 0x01, 0x80, 0x0c, 0x01, 0x80, 0x0c, 0xff, 0xff, 0x0c, 0xff, 0xff, 0x0c, 0x01, 0x80, 0x0c,
    0x01, 0x80, 0x1e, 0x01, 0x80, 0x37, 0x01, 0x80, 0x63, 0xff, 0xff, 0x40, 0xff, 0xfe, 0x00, 0x00,
    0x1c, 0x3f, 0xff, 0xf0, 0x00, 0x18, 0x00, 0x00, 0x18, 0x00, 0xff, 0xff, 0xff, 0x00, 0x18, 0x00,
    0x00, 0x18, 0x00, 0x1f, 0xff, 0xf8, 0x18, 0x18, 0x18, 0x18, 0x18, 0x18, 0x1f, 0xff, 0xf8, 0x18,
    0x18, 0x18, 0x18, 0x18, 0x18, 0x18, 0x18, 0x18, 0x1f, 0xff, 0xf8, 0x18, 0x18, 0x18, 0x00, 0x18,
    0x00, 0x3f, 0xff, 0xfc, 0x00, 0x18, 0x00, 0x00, 0x18, 0x00, 0xff, 0xff, 0xff, 0x00, 0x00, 0x00,
    0x0c, 0x00, 0xc0, 0x1c, 0x00, 0xc0, 0x18, 0x00, 0xc0, 0x38, 0x00, 0xc0, 0x3f, 0x80, 0xc0, 0x7f,
    0xbf, 0xfe, 0x60, 0x3f, 0xfe, 0xc0, 0x30, 0xc6, 0x7f, 0xb0, 0xc6, 0x3f, 0xb0, 0xc6, 0x0c, 0x30,
    0xc6, 0x0c, 0x30, 0xc6, 0x0c, 0x30, 0xc6, 0xff, 0xb0, 0xc6, 0xff, 0xbf, 0xfe, 0x0c, 0x3f, 0xfe,
    0x0c, 0x30, 0xc6, 0x0c, 0x00, 0xc0, 0x0c, 0x80, 0xc0, 0x0d, 0x80, 0xc0, 0x0f, 0x00, 0xc0, 0x1c,
    0x00, 0xc0, 0x08, 0x00, 0xc0, 0x00, 0x00, 0xc0, 0x18, 0x0c, 0x30, 0x18, 0x0c, 0x30, 0x30, 0x0c,
    0x30, 0x3f, 0x7f, 0xfe, 0x3f, 0x7f, 0xfe, 0x60, 0x0c, 0x30, 0x60, 0x0c, 0x30, 0xfe, 0xff, 0xff,
    0xfe, 0xff, 0xff, 0x98, 0x00, 0x00, 0x18, 0x00, 0x00, 0x18, 0x3f, 0xfc, 0xff, 0x3f, 0xfc, 0xff,
    0x30, 0x0c, 0x18, 0x30, 0x0c, 0x18, 0x3f, 0xfc, 0x19, 0x3f, 0xfc, 0x1b, 0x30, 0x0c, 0x1e, 0x30,
    0x0c, 0x1c, 0x3f, 0xfc, 0x38, 0x3f, 0xfc, 0x10, 0x30, 0x0c, 0x00, 0x00, 0x00, 0x10, 0x00, 0x00,
    0x1c, 0x00, 0x00, 0x0e, 0x7f, 0xfe, 0x07, 0x7f, 0xfe, 0x02, 0x00, 0x06, 0x30, 0x00, 0x06, 0x30,
    0x00, 0x06, 0x31, 0xff, 0x86, 0x31, 0xff, 0x86, 0x31, 0x81, 0x86, 0x31, 0x81, 0x86, 0x31, 0xff,
    0x86, 0x31, 0xff, 0x86, 0x31, 0x81, 0x86, 0x31, 0x81, 0x86, 0x31, 0x81, 0x86, 0x31, 0xff, 0x86,
    0x31, 0xff, 0x86, 0x31, 0x80, 0x06, 0x30, 0x00, 0x06, 0x30, 0x00, 0x06, 0x30, 0x01, 0xfe, 0x30,
    0x01, 0xfc, 0xff, 0xdf, 0xff, 0xff, 0xdf, 0xff, 0x01, 0x81, 0x80, 0x33, 0x01, 0x80, 0x3e, 0x01,
    0x80, 0x1c, 0x1f, 0xfe, 0x0e, 0x1f, 0xfe, 0xff, 0xd8, 0x06, 0xff, 0xd8, 0xc6, 0x0c, 0xd8, 0xc6,
    0x0c, 0xd8, 0xc6, 0x0d, 0x98, 0xc6, 0x0d, 0x98, 0xc6, 0x0c, 0x18, 0xc6, 0x0c, 0x19, 0x86, 0x0c,
    0x19, 0xc6, 0x0c, 0x03, 0xe0, 0x0c, 0x0f, 0x78, 0x0c, 0x3c, 0x1e, 0xfc, 0xf8, 0x07, 0xf8, 0x60,
    0x02, 0x7f, 0xef, 0xfe, 0x66, 0x6f, 0xfe, 0x66, 0x60, 0xc0, 0x66, 0x60, 0xc0, 0x7f, 0xe7, 0xfe,
    0x66, 0x64, 0x06, 0x66, 0x64, 0x06, 0x66, 0x64, 0x46, 0x7f, 0xe4, 0x46, 0x66, 0x64, 0x46, 0x06,
    0x04, 0x46, 0x06, 0x04, 0x46, 0x7f, 0xf4, 0x46, 0x7f, 0xf4, 0x46, 0x0f, 0x04, 0xc6, 0x1f, 0xc4,
    0xc6, 0x16, 0xe1, 0xf0, 0x76, 0x23, 0xb8, 0xe6, 0x07, 0x0c, 0x46, 0x1c, 0x06, 0x06, 0x08, 0x00,
    0x00, 0x01, 0x80, 0x7f, 0x83, 0x80, 0x7f, 0x83, 0xc0, 0x01, 0x86, 0xe0, 0x03, 0x04, 0x60, 0x33,
    0x0c, 0x30, 0x33, 0x18, 0x18, 0x33, 0x10, 0x0e, 0x63, 0x3f, 0xff, 0x63, 0x7f, 0xfa, 0x7f, 0x80,
    0x00, 0x7f, 0x83, 0x0c, 0x01, 0xb3, 0x9c, 0x01, 0xb9, 0x98, 0x1f, 0x99, 0x98, 0xff, 0x98, 0xf0,
    0xe1, 0x9c, 0xf0, 0x01, 0x8c, 0x60, 0x01, 0x80, 0x60, 0x03, 0xbf, 0xfe, 0x3f, 0xbf, 0xfe, 0x3f,
    0x00, 0x00, 0x00, 0x10, 0x00, 0x00, 0x38, 0x00, 0x7f, 0xff, 0xff, 0x7f, 0xff, 0xff, 0x00, 0x00,
    0x00, 0x07, 0xff, 0xf0, 0x06, 0x00, 0x30, 0x06, 0x00, 0x30, 0x07, 0xff, 0xf0, 0x06, 0x00, 0x30,
    0x00, 0x00, 0x00, 0x00, 0x00, 0x00, 0x3f, 0xff, 0xfe, 0x3f, 0xff, 0xfe, 0x30, 0x00, 0x06, 0x31,
    0xff, 0xc6, 0x31, 0x80, 0xc6, 0x31, 0x80, 0xc6, 0x31, 0xff, 0xc6, 0x31, 0x80, 0x06, 0x30, 0x00,
    0x06, 0x30, 0x00, 0xfe, 0x30, 0x00, 0xfc,
};
inline constexpr FontGlyph font24_glyphs[] = {
    {32U, 0U, 0U, 0U, 8U, 0, 0},
    {33U, 0U, 8U, 18U, 9U, 0, 8},
    {34U, 18U, 10U, 18U, 11U, 0, 8},
    {35U, 54U, 15U, 18U, 16U, 0, 8},
    {36U, 90U, 14U, 23U, 15U, 0, 6},
    {37U, 136U, 21U, 18U, 22U, 0, 8},
    {38U, 190U, 21U, 18U, 22U, 0, 8},
    {39U, 244U, 6U, 18U, 7U, 0, 8},
    {40U, 262U, 8U, 22U, 9U, 0, 8},
    {41U, 284U, 8U, 22U, 9U, 0, 8},
    {42U, 306U, 11U, 18U, 12U, 0, 8},
    {43U, 342U, 18U, 13U, 19U, 0, 13},
    {44U, 381U, 6U, 6U, 7U, 0, 23},
    {45U, 387U, 10U, 8U, 11U, 0, 18},
    {46U, 403U, 6U, 3U, 7U, 0, 23},
    {47U, 406U, 12U, 21U, 11U, -1, 8},
    {48U, 448U, 14U, 18U, 15U, 0, 8},
    {49U, 484U, 14U, 18U, 15U, 0, 8},
    {50U, 520U, 14U, 18U, 15U, 0, 8},
    {51U, 556U, 14U, 18U, 15U, 0, 8},
    {52U, 592U, 14U, 18U, 15U, 0, 8},
    {53U, 628U, 14U, 18U, 15U, 0, 8},
    {54U, 664U, 14U, 18U, 15U, 0, 8},
    {55U, 700U, 14U, 18U, 15U, 0, 8},
    {56U, 736U, 14U, 18U, 15U, 0, 8},
    {57U, 772U, 14U, 18U, 15U, 0, 8},
    {58U, 808U, 6U, 13U, 7U, 0, 13},
    {59U, 821U, 6U, 16U, 7U, 0, 13},
    {60U, 837U, 18U, 14U, 19U, 0, 12},
    {61U, 879U, 18U, 11U, 19U, 0, 15},
    {62U, 912U, 18U, 14U, 19U, 0, 12},
    {63U, 954U, 12U, 18U, 13U, 0, 8},
    {64U, 990U, 25U, 21U, 26U, 0, 8},
    {65U, 1074U, 17U, 18U, 18U, 0, 8},
    {66U, 1128U, 15U, 18U, 16U, 0, 8},
    {67U, 1164U, 16U, 18U, 17U, 0, 8},
    {68U, 1200U, 18U, 18U, 19U, 0, 8},
    {69U, 1254U, 13U, 18U, 14U, 0, 8},
    {70U, 1290U, 13U, 18U, 14U, 0, 8},
    {71U, 1326U, 18U, 18U, 19U, 0, 8},
    {72U, 1380U, 19U, 18U, 20U, 0, 8},
    {73U, 1434U, 7U, 18U, 8U, 0, 8},
    {74U, 1452U, 10U, 18U, 11U, 0, 8},
    {75U, 1488U, 16U, 18U, 16U, 0, 8},
    {76U, 1524U, 12U, 18U, 13U, 0, 8},
    {77U, 1560U, 23U, 18U, 24U, 0, 8},
    {78U, 1614U, 20U, 18U, 21U, 0, 8},
    {79U, 1668U, 20U, 18U, 21U, 0, 8},
    {80U, 1722U, 15U, 18U, 16U, 0, 8},
    {81U, 1758U, 20U, 20U, 21U, 0, 8},
    {82U, 1818U, 16U, 18U, 17U, 0, 8},
    {83U, 1854U, 14U, 18U, 15U, 0, 8},
    {84U, 1890U, 14U, 18U, 15U, 0, 8},
    {85U, 1926U, 18U, 18U, 19U, 0, 8},
    {86U, 1980U, 17U, 18U, 17U, 0, 8},
    {87U, 2034U, 25U, 18U, 25U, 0, 8},
    {88U, 2106U, 16U, 18U, 16U, 0, 8},
    {89U, 2142U, 15U, 18U, 15U, 0, 8},
    {90U, 2178U, 15U, 18U, 16U, 0, 8},
    {91U, 2214U, 8U, 22U, 9U, 0, 8},
    {92U, 2236U, 12U, 21U, 11U, -1, 8},
    {93U, 2278U, 8U, 22U, 9U, 0, 8},
    {94U, 2300U, 18U, 18U, 19U, 0, 8},
    {95U, 2354U, 11U, 6U, 12U, 0, 26},
    {96U, 2366U, 7U, 19U, 8U, 0, 7},
    {97U, 2385U, 13U, 13U, 14U, 0, 13},
    {98U, 2411U, 15U, 19U, 16U, 0, 7},
    {99U, 2449U, 12U, 13U, 13U, 0, 13},
    {100U, 2475U, 15U, 19U, 16U, 0, 7},
    {101U, 2513U, 14U, 13U, 15U, 0, 13},
    {102U, 2539U, 9U, 19U, 9U, 0, 7},
    {103U, 2577U, 15U, 19U, 16U, 0, 13},
    {104U, 2615U, 15U, 19U, 16U, 0, 7},
    {105U, 2653U, 6U, 19U, 7U, 0, 7},
    {106U, 2672U, 9U, 25U, 7U, -3, 7},
    {107U, 2722U, 14U, 19U, 14U, 0, 7},
    {108U, 2760U, 6U, 19U, 7U, 0, 7},
    {109U, 2779U, 22U, 13U, 23U, 0, 13},
    {110U, 2818U, 15U, 13U, 16U, 0, 13},
    {111U, 2844U, 15U, 13U, 16U, 0, 13},
    {112U, 2870U, 15U, 19U, 16U, 0, 13},
    {113U, 2908U, 15U, 19U, 16U, 0, 13},
    {114U, 2946U, 9U, 14U, 10U, 0, 12},
    {115U, 2974U, 11U, 13U, 12U, 0, 13},
    {116U, 3000U, 9U, 17U, 10U, 0, 9},
    {117U, 3034U, 15U, 13U, 16U, 0, 13},
    {118U, 3060U, 13U, 13U, 14U, 0, 13},
    {119U, 3086U, 19U, 13U, 20U, 0, 13},
    {120U, 3125U, 12U, 13U, 13U, 0, 13},
    {121U, 3151U, 13U, 19U, 14U, 0, 13},
    {122U, 3189U, 12U, 13U, 13U, 0, 13},
    {123U, 3215U, 8U, 22U, 9U, 0, 8},
    {124U, 3237U, 6U, 26U, 7U, 0, 6},
    {125U, 3263U, 8U, 22U, 9U, 0, 8},
    {126U, 3285U, 18U, 10U, 19U, 0, 16},
    {179U, 3315U, 10U, 18U, 11U, 0, 8},
    {956U, 3351U, 15U, 18U, 16U, 0, 13},
    {20005U, 3387U, 24U, 21U, 25U, 0, 8},
    {20013U, 3450U, 24U, 22U, 25U, 0, 7},
    {20214U, 3516U, 24U, 22U, 25U, 0, 7},
    {20248U, 3582U, 24U, 22U, 25U, 0, 7},
    {20256U, 3648U, 24U, 22U, 25U, 0, 7},
    {20272U, 3714U, 24U, 22U, 25U, 0, 7},
    {20302U, 3780U, 24U, 22U, 25U, 0, 7},
    {20998U, 3846U, 24U, 22U, 25U, 0, 7},
    {21069U, 3912U, 24U, 21U, 25U, 0, 7},
    {21183U, 3975U, 24U, 22U, 25U, 0, 7},
    {21442U, 4041U, 24U, 23U, 25U, 0, 6},
    {21516U, 4110U, 24U, 21U, 25U, 0, 8},
    {22120U, 4173U, 24U, 22U, 25U, 0, 8},
    {22238U, 4239U, 24U, 21U, 25U, 0, 7},
    {22260U, 4302U, 24U, 22U, 25U, 0, 7},
    {22266U, 4368U, 24U, 22U, 25U, 0, 7},
    {22343U, 4434U, 24U, 23U, 25U, 0, 6},
    {22791U, 4503U, 24U, 22U, 25U, 0, 7},
    {23567U, 4569U, 24U, 22U, 25U, 0, 7},
    {24050U, 4635U, 24U, 20U, 25U, 0, 8},
    {24103U, 4695U, 24U, 22U, 25U, 0, 7},
    {24179U, 4761U, 24U, 21U, 25U, 0, 8},
    {24230U, 4824U, 24U, 23U, 25U, 0, 6},
    {24320U, 4893U, 24U, 21U, 25U, 0, 8},
    {24403U, 4956U, 24U, 22U, 25U, 0, 7},
    {24577U, 5022U, 24U, 21U, 25U, 0, 7},
    {24863U, 5085U, 24U, 21U, 25U, 0, 7},
    {25454U, 5148U, 24U, 21U, 25U, 0, 7},
    {25509U, 5211U, 24U, 23U, 25U, 0, 6},
    {25928U, 5280U, 24U, 22U, 25U, 0, 6},
    {25968U, 5346U, 24U, 23U, 25U, 0, 6},
    {26029U, 5415U, 24U, 21U, 25U, 0, 7},
    {26080U, 5478U, 24U, 21U, 25U, 0, 8},
    {26102U, 5541U, 24U, 22U, 25U, 0, 6},
    {26126U, 5607U, 24U, 21U, 25U, 0, 8},
    {26368U, 5670U, 24U, 21U, 25U, 0, 8},
    {26377U, 5733U, 24U, 23U, 25U, 0, 6},
    {26410U, 5802U, 24U, 23U, 25U, 0, 6},
    {26579U, 5871U, 24U, 23U, 25U, 0, 6},
    {26657U, 5940U, 24U, 24U, 25U, 0, 6},
    {27493U, 6012U, 24U, 23U, 25U, 0, 6},
    {27668U, 6081U, 24U, 23U, 25U, 0, 6},
    {27745U, 6150U, 24U, 21U, 25U, 0, 7},
    {28909U, 6213U, 24U, 24U, 25U, 0, 5},
    {29289U, 6285U, 24U, 22U, 25U, 0, 7},
    {29366U, 6351U, 24U, 23U, 25U, 0, 6},
    {30693U, 6420U, 24U, 23U, 25U, 0, 6},
    {31186U, 6489U, 24U, 23U, 25U, 0, 6},
    {31354U, 6558U, 24U, 22U, 25U, 0, 6},
    {31890U, 6624U, 24U, 24U, 25U, 0, 5},
    {32454U, 6696U, 24U, 22U, 25U, 0, 6},
    {32771U, 6762U, 24U, 23U, 25U, 0, 6},
    {33391U, 6831U, 24U, 24U, 25U, 0, 6},
    {33539U, 6903U, 24U, 23U, 25U, 0, 6},
    {34892U, 6972U, 24U, 24U, 25U, 0, 6},
    {35774U, 7044U, 24U, 21U, 25U, 0, 8},
    {35823U, 7107U, 24U, 22U, 25U, 0, 7},
    {36235U, 7173U, 24U, 24U, 25U, 0, 6},
    {36731U, 7245U, 24U, 23U, 25U, 0, 6},
    {36816U, 7314U, 24U, 22U, 25U, 0, 7},
    {36820U, 7380U, 24U, 23U, 25U, 0, 7},
    {36830U, 7449U, 24U, 23U, 25U, 0, 6},
    {37325U, 7518U, 24U, 22U, 25U, 0, 7},
    {38047U, 7584U, 24U, 24U, 25U, 0, 6},
    {38169U, 7656U, 24U, 23U, 25U, 0, 7},
    {38388U, 7725U, 24U, 23U, 25U, 0, 6},
    {39044U, 7794U, 24U, 21U, 25U, 0, 8},
    {39063U, 7857U, 24U, 21U, 25U, 0, 8},
    {39564U, 7920U, 24U, 22U, 25U, 0, 7},
    {39640U, 7986U, 24U, 23U, 25U, 0, 6},
};
inline constexpr Font font24{font24_glyphs, sizeof(font24_glyphs) / sizeof(font24_glyphs[0]), font24_bitmap, 33U};

inline constexpr std::uint8_t font64_bitmap[] = {
    0x07, 0xff, 0xff, 0x00, 0x07, 0xff, 0xff, 0x00, 0x07, 0xff, 0xff, 0x00, 0x07, 0xff, 0xff, 0x00,
    0x07, 0xff, 0xff, 0x00, 0x00, 0x00, 0x00, 0x00, 0x00, 0x00, 0x00, 0x00, 0x00, 0x00, 0x00, 0x00,
    0x00, 0x00, 0x00, 0x00, 0x00, 0x00, 0x00, 0x00, 0x00, 0x00, 0x00, 0x00, 0x00, 0x00, 0x00, 0x00,
    0x00, 0x00, 0x00, 0x00, 0x00, 0x00, 0x00, 0x00, 0x00, 0x00, 0x00, 0x00, 0x00, 0x00, 0x00, 0x00,
    0x00, 0x00, 0x00, 0x00, 0x00, 0x00, 0x00, 0x00, 0x00, 0x00, 0x00, 0x00, 0x00, 0x00, 0x00, 0x00,
    0x00, 0x00, 0x00, 0x00, 0x00, 0x00, 0x00, 0x00, 0x00, 0x01, 0xff, 0x00, 0x00, 0x00, 0x07, 0xff,
    0xc0, 0x00, 0x00, 0x1f, 0xff, 0xf0, 0x00, 0x00, 0x3f, 0xff, 0xf8, 0x00, 0x00, 0x7f, 0xff, 0xfc,
    0x00, 0x00, 0xff, 0x03, 0xfe, 0x00, 0x01, 0xfc, 0x00, 0xfe, 0x00, 0x01, 0xf8, 0x00, 0x7f, 0x00,
    0x03, 0xf8, 0x00, 0x3f, 0x00, 0x03, 0xf0, 0x00, 0x3f, 0x80, 0x07, 0xe0, 0x00, 0x1f, 0x80, 0x07,
    0xe0, 0x00, 0x1f, 0x80, 0x07, 0xe0, 0x00, 0x1f, 0xc0, 0x0f, 0xc0, 0x00, 0x0f, 0xc0, 0x0f, 0xc0,
    0x00, 0x0f, 0xc0, 0x0f, 0xc0, 0x00, 0x0f, 0xc0, 0x0f, 0xc0, 0x00, 0x0f, 0xc0, 0x0f, 0x80, 0x00,
    0x07, 0xe0, 0x1f, 0x80, 0x00, 0x07, 0xe0, 0x1f, 0x80, 0x00, 0x07, 0xe0, 0x1f, 0x80, 0x00, 0x07,
    0xe0, 0x1f, 0x80, 0x00, 0x07, 0xe0, 0x1f, 0x80, 0x00, 0x07, 0xe0, 0x1f, 0x80, 0x00, 0x07, 0xe0,
    0x1f, 0x80, 0x00, 0x07, 0xe0, 0x1f, 0x80, 0x00, 0x07, 0xe0, 0x1f, 0x80, 0x00, 0x07, 0xe0, 0x1f,
    0x80, 0x00, 0x07, 0xe0, 0x1f, 0x80, 0x00, 0x07, 0xe0, 0x1f, 0x80, 0x00, 0x07, 0xe0, 0x1f, 0x80,
    0x00, 0x07, 0xe0, 0x1f, 0x80, 0x00, 0x07, 0xe0, 0x1f, 0x80, 0x00, 0x07, 0xc0, 0x1f, 0xc0, 0x00,
    0x0f, 0xc0, 0x0f, 0xc0, 0x00, 0x0f, 0xc0, 0x0f, 0xc0, 0x00, 0x0f, 0xc0, 0x0f, 0xc0, 0x00, 0x0f,
    0xc0, 0x0f, 0xc0, 0x00, 0x0f, 0x80, 0x07, 0xe0, 0x00, 0x1f, 0x80, 0x07, 0xe0, 0x00, 0x1f, 0x80,
    0x07, 0xf0, 0x00, 0x3f, 0x00, 0x03, 0xf0, 0x00, 0x3f, 0x00, 0x03, 0xf8, 0x00, 0x7e, 0x00, 0x01,
    0xfc, 0x00, 0xfe, 0x00, 0x01, 0xff, 0x03, 0xfc, 0x00, 0x00, 0xff, 0xff, 0xf8, 0x00, 0x00, 0x7f,
    0xff, 0xf0, 0x00, 0x00, 0x3f, 0xff, 0xe0, 0x00, 0x00, 0x0f, 0xff, 0x80, 0x00, 0x00, 0x03, 0xfe,
    0x00, 0x00, 0x00, 0x00, 0x07, 0x00, 0x00, 0x00, 0x00, 0x0f, 0x00, 0x00, 0x00, 0x00, 0x3f, 0x00,
    0x00, 0x00, 0x00, 0x7f, 0x00, 0x00, 0x00, 0x01, 0xff, 0x00, 0x00, 0x00, 0x07, 0xff, 0x00, 0x00,
    0x00, 0x1f, 0xff, 0x00, 0x00, 0x00, 0x7f, 0xff, 0x00, 0x00, 0x01, 0xff, 0xbf, 0x00, 0x00, 0x01,
    0xfe, 0x3f, 0x00, 0x00, 0x01, 0xf8, 0x3f, 0x00, 0x00, 0x01, 0xe0, 0x3f, 0x00, 0x00, 0x01, 0x80,
    0x3f, 0x00, 0x00, 0x00, 0x00, 0x3f, 0x00, 0x00, 0x00, 0x00, 0x3f, 0x00, 0x00, 0x00, 0x00, 0x3f,
    0x00, 0x00, 0x00, 0x00, 0x3f, 0x00, 0x00, 0x00, 0x00, 0x3f, 0x00, 0x00, 0x00, 0x00, 0x3f, 0x00,
    0x00, 0x00, 0x00, 0x3f, 0x00, 0x00, 0x00, 0x00, 0x3f, 0x00, 0x00, 0x00, 0x00, 0x3f, 0x00, 0x00,
    0x00, 0x00, 0x3f, 0x00, 0x00, 0x00, 0x00, 0x3f, 0x00, 0x00, 0x00, 0x00, 0x3f, 0x00, 0x00, 0x00,
    0x00, 0x3f, 0x00, 0x00, 0x00, 0x00, 0x3f, 0x00, 0x00, 0x00, 0x00, 0x3f, 0x00, 0x00, 0x00, 0x00,
    0x3f, 0x00, 0x00, 0x00, 0x00, 0x3f, 0x00, 0x00, 0x00, 0x00, 0x3f, 0x00, 0x00, 0x00, 0x00, 0x3f,
    0x00, 0x00, 0x00, 0x00, 0x3f, 0x00, 0x00, 0x00, 0x00, 0x3f, 0x00, 0x00, 0x00, 0x00, 0x3f, 0x00,
    0x00, 0x00, 0x00, 0x3f, 0x00, 0x00, 0x00, 0x00, 0x3f, 0x00, 0x00, 0x00, 0x00, 0x3f, 0x00, 0x00,
    0x00, 0x00, 0x3f, 0x00, 0x00, 0x00, 0x00, 0x3f, 0x00, 0x00, 0x00, 0x00, 0x3f, 0x00, 0x00, 0x00,
    0x00, 0x3f, 0x00, 0x00, 0x00, 0x00, 0x3f, 0x00, 0x00, 0x00, 0x00, 0x3f, 0x00, 0x00, 0x00, 0x00,
    0x3f, 0x00, 0x00, 0x00, 0x00, 0x3f, 0x00, 0x00, 0x00, 0x00, 0x3f, 0x00, 0x00, 0x00, 0x00, 0x3f,
    0x00, 0x00, 0x00, 0x00, 0x3f, 0x00, 0x00, 0x00, 0x03, 0xfe, 0x00, 0x00, 0x00, 0x1f, 0xff, 0xc0,
    0x00, 0x00, 0x7f, 0xff, 0xf0, 0x00, 0x00, 0xff, 0xff, 0xf8, 0x00, 0x03, 0xff, 0xff, 0xfc, 0x00,
    0x03, 0xfc, 0x07, 0xfe, 0x00, 0x03, 0xf0, 0x00, 0xfe, 0x00, 0x03, 0xc0, 0x00, 0x7f, 0x00, 0x03,
    0x80, 0x00, 0x3f, 0x00, 0x02, 0x00, 0x00, 0x3f, 0x80, 0x00, 0x00, 0x00, 0x1f, 0x80, 0x00, 0x00,
    0x00, 0x1f, 0x80, 0x00, 0x00, 0x00, 0x1f, 0x80, 0x00, 0x00, 0x00, 0x1f, 0x80, 0x00, 0x00, 0x00,
    0x1f, 0x80, 0x00, 0x00, 0x00, 0x1f, 0x80, 0x00, 0x00, 0x00, 0x1f, 0x80, 0x00, 0x00, 0x00, 0x3f,
    0x00, 0x00, 0x00, 0x00, 0x3f, 0x00, 0x00, 0x00, 0x00, 0x7f, 0x00, 0x00, 0x00, 0x00, 0x7e, 0x00,
    0x00, 0x00, 0x00, 0xfe, 0x00, 0x00, 0x00, 0x01, 0xfc, 0x00, 0x00, 0x00, 0x03, 0xfc, 0x00, 0x00,
    0x00, 0x07, 0xf8, 0x00, 0x00, 0x00, 0x0f, 0xf0, 0x00, 0x00, 0x00, 0x3f, 0xe0, 0x00, 0x00, 0x00,
    0x7f, 0xc0, 0x00, 0x00, 0x01, 0xff, 0x80, 0x00, 0x00, 0x03, 0xfe, 0x00, 0x00, 0x00, 0x07, 0xfc,
    0x00, 0x00, 0x00, 0x1f, 0xf8, 0x00, 0x00, 0x00, 0x3f, 0xe0, 0x00, 0x00, 0x00, 0x7f, 0xc0, 0x00,
    0x00, 0x00, 0xff, 0x80, 0x00, 0x00, 0x01, 0xfe, 0x00, 0x00, 0x00, 0x01, 0xfc, 0x00, 0x00, 0x00,
    0x03, 0xf8, 0x00, 0x00, 0x00, 0x03, 0xf0, 0x00, 0x00, 0x00, 0x07, 0xe0, 0x00, 0x00, 0x00, 0x07,
    0xe0, 0x00, 0x00, 0x00, 0x07, 0xe0, 0x00, 0x00, 0x00, 0x0f, 0xc0, 0x00, 0x00, 0x00, 0x0f, 0xc0,
    0x00, 0x00, 0x00, 0x0f, 0xff, 0xff, 0xff, 0xc0, 0x0f, 0xff, 0xff, 0xff, 0xc0, 0x0f, 0xff, 0xff,
    0xff, 0xc0, 0x0f, 0xff, 0xff, 0xff, 0xc0, 0x0f, 0xff, 0xff, 0xff, 0xc0, 0x00, 0x07, 0xfc, 0x00,
    0x00, 0x00, 0x3f, 0xff, 0x80, 0x00, 0x00, 0xff, 0xff, 0xc0, 0x00, 0x01, 0xff, 0xff, 0xf0, 0x00,
    0x01, 0xff, 0xff, 0xf8, 0x00, 0x01, 0xf0, 0x0f, 0xf8, 0x00, 0x01, 0xc0, 0x03, 0xfc, 0x00, 0x01,
    0x00, 0x01, 0xfc, 0x00, 0x00, 0x00, 0x00, 0xfe, 0x00, 0x00, 0x00, 0x00, 0xfe, 0x00, 0x00, 0x00,
    0x00, 0x7e, 0x00, 0x00, 0x00, 0x00, 0x7e, 0x00, 0x00, 0x00, 0x00, 0x7e, 0x00, 0x00, 0x00, 0x00,
    0x7e, 0x00, 0x00, 0x00, 0x00, 0x7e, 0x00, 0x00, 0x00, 0x00, 0x7e, 0x00, 0x00, 0x00, 0x00, 0xfc,
    0x00, 0x00, 0x00, 0x00, 0xfc, 0x00, 0x00, 0x00, 0x01, 0xf8, 0x00, 0x00, 0x00, 0x01, 0xf8, 0x00,
    0x00, 0x00, 0x07, 0xf0, 0x00, 0x00, 0x00, 0x3f, 0xe0, 0x00, 0x00, 0x3f, 0xff, 0x80, 0x00, 0x00,
    0x3f, 0xfe, 0x00, 0x00, 0x00, 0x3f, 0xfe, 0x00, 0x00, 0x00, 0x3f, 0xff, 0xc0, 0x00, 0x00, 0x3f,
    0xff, 0xf0, 0x00, 0x00, 0x00, 0x1f, 0xfc, 0x00, 0x00, 0x00, 0x03, 0xfc, 0x00, 0x00, 0x00, 0x00,
    0xfe, 0x00, 0x00, 0x00, 0x00, 0x7f, 0x00, 0x00, 0x00, 0x00, 0x3f, 0x00, 0x00, 0x00, 0x00, 0x3f,
    0x80, 0x00, 0x00, 0x00, 0x1f, 0x80, 0x00, 0x00, 0x00, 0x1f, 0x80, 0x00, 0x00, 0x00, 0x1f, 0x80,
    0x00, 0x00, 0x00, 0x1f, 0x80, 0x00, 0x00, 0x00, 0x1f, 0x80, 0x00, 0x00, 0x00, 0x1f, 0x80, 0x00,
    0x00, 0x00, 0x3f, 0x80, 0x00, 0x00, 0x00, 0x3f, 0x00, 0x04, 0x00, 0x00, 0x7f, 0x00, 0x06, 0x00,
    0x00, 0xfe, 0x00, 0x07, 0x80, 0x01, 0xfe, 0x00, 0x07, 0xf0, 0x0f, 0xfc, 0x00, 0x07, 0xff, 0xff,
    0xf8, 0x00, 0x03, 0xff, 0xff, 0xf0, 0x00, 0x01, 0xff, 0xff, 0xc0, 0x00, 0x00, 0x7f, 0xff, 0x00,
    0x00, 0x00, 0x0f, 0xf8, 0x00, 0x00, 0x00, 0x00, 0x01, 0xfc, 0x00, 0x00, 0x00, 0x01, 0xfc, 0x00,
    0x00, 0x00, 0x03, 0xfc, 0x00, 0x00, 0x00, 0x03, 0xfc, 0x00, 0x00, 0x00, 0x07, 0xfc, 0x00, 0x00,
    0x00, 0x07, 0xfc, 0x00, 0x00, 0x00, 0x0f, 0xfc, 0x00, 0x00, 0x00, 0x1f, 0xfc, 0x00, 0x00, 0x00,
    0x1f, 0xfc, 0x00, 0x00, 0x00, 0x3f, 0xfc, 0x00, 0x00, 0x00, 0x7e, 0xfc, 0x00, 0x00, 0x00, 0x7c,
    0xfc, 0x00, 0x00, 0x00, 0xfc, 0xfc, 0x00, 0x00, 0x01, 0xf8, 0xfc, 0x00, 0x00, 0x01, 0xf8, 0xfc,
    0x00, 0x00, 0x03, 0xf0, 0xfc, 0x00, 0x00, 0x07, 0xe0, 0xfc, 0x00, 0x00, 0x07, 0xe0, 0xfc, 0x00,
    0x00, 0x0f, 0xc0, 0xfc, 0x00, 0x00, 0x1f, 0x80, 0xfc, 0x00, 0x00, 0x1f, 0x80, 0xfc, 0x00, 0x00,
    0x3f, 0x00, 0xfc, 0x00, 0x00, 0x7e, 0x00, 0xfc, 0x00, 0x00, 0xfc, 0x00, 0xfc, 0x00, 0x00, 0xfc,
    0x00, 0xfc, 0x00, 0x01, 0xf8, 0x00, 0xfc, 0x00, 0x03, 0xf0, 0x00, 0xfc, 0x00, 0x07, 0xe0, 0x00,
    0xfc, 0x00, 0x0f, 0xe0, 0x00, 0xfc, 0x00, 0x1f, 0xc0, 0x00, 0xfc, 0x00, 0x1f, 0x80, 0x00, 0xfc,
    0x00, 0x3f, 0x00, 0x00, 0xfc, 0x00, 0x7f, 0xff, 0xff, 0xff, 0xf8, 0x7f, 0xff, 0xff, 0xff, 0xf8,
    0x7f, 0xff, 0xff, 0xff, 0xf8, 0x7f, 0xff, 0xff, 0xff, 0xf8, 0x7f, 0xff, 0xff, 0xff, 0xf8, 0x00,
    0x00, 0x00, 0xfc, 0x00, 0x00, 0x00, 0x00, 0xfc, 0x00, 0x00, 0x00, 0x00, 0xfc, 0x00, 0x00, 0x00,
    0x00, 0xfc, 0x00, 0x00, 0x00, 0x00, 0xfc, 0x00, 0x00, 0x00, 0x00, 0xfc, 0x00, 0x00, 0x00, 0x00,
    0xfc, 0x00, 0x00, 0x00, 0x00, 0xfc, 0x00, 0x00, 0x00, 0x00, 0xfc, 0x00, 0x00, 0x00, 0x00, 0xfc,
    0x00, 0x00, 0x00, 0x00, 0xfc, 0x00, 0x00, 0xff, 0xff, 0xfe, 0x00, 0x00, 0xff, 0xff, 0xfe, 0x00,
    0x00, 0xff, 0xff, 0xfe, 0x00, 0x00, 0xff, 0xff, 0xfe, 0x00, 0x01, 0xff, 0xff, 0xfe, 0x00, 0x01,
    0xf8, 0x00, 0x00, 0x00, 0x01, 0xf8, 0x00, 0x00, 0x00, 0x01, 0xf8, 0x00, 0x00, 0x00, 0x01, 0xf8,
    0x00, 0x00, 0x00, 0x01, 0xf8, 0x00, 0x00, 0x00, 0x01, 0xf8, 0x00, 0x00, 0x00, 0x01, 0xf8, 0x00,
    0x00, 0x00, 0x01, 0xf0, 0x00, 0x00, 0x00, 0x01, 0xf0, 0x00, 0x00, 0x00, 0x01, 0xf0, 0x00, 0x00,
    0x00, 0x01, 0xf0, 0x00, 0x00, 0x00, 0x01, 0xf0, 0x00, 0x00, 0x00, 0x03, 0xf0, 0x00, 0x00, 0x00,
    0x03, 0xff, 0xfc, 0x00, 0x00, 0x03, 0xff, 0xff, 0x80, 0x00, 0x03, 0xff, 0xff, 0xe0, 0x00, 0x03,
    0xff, 0xff, 0xf0, 0x00, 0x03, 0xff, 0xff, 0xf8, 0x00, 0x00, 0x00, 0x1f, 0xfc, 0x00, 0x00, 0x00,
    0x03, 0xfe, 0x00, 0x00, 0x00, 0x01, 0xfe, 0x00, 0x00, 0x00, 0x00, 0x7f, 0x00, 0x00, 0x00, 0x00,
    0x7f, 0x00, 0x00, 0x00, 0x00, 0x3f, 0x00, 0x00, 0x00, 0x00, 0x3f, 0x80, 0x00, 0x00, 0x00, 0x1f,
    0x80, 0x00, 0x00, 0x00, 0x1f, 0x80, 0x00, 0x00, 0x00, 0x1f, 0x80, 0x00, 0x00, 0x00, 0x1f, 0x80,
    0x00, 0x00, 0x00, 0x1f, 0x80, 0x00, 0x00, 0x00, 0x1f, 0x80, 0x00, 0x00, 0x00, 0x1f, 0x80, 0x00,
    0x00, 0x00, 0x3f, 0x00, 0x00, 0x00, 0x00, 0x3f, 0x00, 0x00, 0x00, 0x00, 0x7f, 0x00, 0x04, 0x00,
    0x00, 0xfe, 0x00, 0x06, 0x00, 0x01, 0xfe, 0x00, 0x07, 0x80, 0x03, 0xfc, 0x00, 0x07, 0xf0, 0x1f,
    0xf8, 0x00, 0x07, 0xff, 0xff, 0xf0, 0x00, 0x07, 0xff, 0xff, 0xe0, 0x00, 0x07, 0xff, 0xff, 0xc0,
    0x00, 0x03, 0xff, 0xff, 0x00, 0x00, 0x00, 0x7f, 0xf0, 0x00, 0x00, 0x00, 0x00, 0x0f, 0xf0, 0x00,
    0x00, 0x00, 0x7f, 0xfe, 0x00, 0x00, 0x01, 0xff, 0xff, 0x00, 0x00, 0x07, 0xff, 0xff, 0x00, 0x00,
    0x0f, 0xff, 0xff, 0x00, 0x00, 0x1f, 0xf0, 0x0f, 0x00, 0x00, 0x3f, 0xc0, 0x01, 0x00, 0x00, 0x3f,
    0x00, 0x00, 0x00, 0x00, 0x7e, 0x00, 0x00, 0x00, 0x00, 0xfc, 0x00, 0x00, 0x00, 0x00, 0xfc, 0x00,
    0x00, 0x00, 0x01, 0xf8, 0x00, 0x00, 0x00, 0x01, 0xf0, 0x00, 0x00, 0x00, 0x03, 0xf0, 0x00, 0x00,
    0x00, 0x03, 0xe0, 0x00, 0x00, 0x00, 0x03, 0xe0, 0x00, 0x00, 0x00, 0x07, 0xe0, 0x00, 0x00, 0x00,
    0x07, 0xe0, 0x00, 0x00, 0x00, 0x07, 0xc0, 0x00, 0x00, 0x00, 0x07, 0xc0, 0x7f, 0x80, 0x00, 0x0f,
    0xc1, 0xff, 0xf0, 0x00, 0x0f, 0xc7, 0xff, 0xf8, 0x00, 0x0f, 0xcf, 0xff, 0xfe, 0x00, 0x0f, 0xdf,
    0xff, 0xff, 0x00, 0x0f, 0xff, 0x01, 0xff, 0x00, 0x0f, 0xfc, 0x00, 0x7f, 0x80, 0x0f, 0xf8, 0x00,
    0x3f, 0xc0, 0x0f, 0xf0, 0x00, 0x1f, 0xc0, 0x0f, 0xe0, 0x00, 0x0f, 0xc0, 0x0f, 0xe0, 0x00, 0x0f,
    0xe0, 0x0f, 0xc0, 0x00, 0x0f, 0xe0, 0x0f, 0xc0, 0x00, 0x07, 0xe0, 0x0f, 0xc0, 0x00, 0x07, 0xe0,
    0x0f, 0xc0, 0x00, 0x07, 0xe0, 0x0f, 0xc0, 0x00, 0x07, 0xe0, 0x07, 0xc0, 0x00, 0x07, 0xe0, 0x07,
    0xc0, 0x00, 0x07, 0xe0, 0x07, 0xe0, 0x00, 0x07, 0xe0, 0x07, 0xe0, 0x00, 0x0f, 0xc0, 0x03, 0xe0,
    0x00, 0x0f, 0xc0, 0x03, 0xf0, 0x00, 0x0f, 0xc0, 0x01, 0xf8, 0x00, 0x1f, 0x80, 0x01, 0xf8, 0x00,
    0x3f, 0x80, 0x00, 0xfe, 0x00, 0x7f, 0x00, 0x00, 0xff, 0x81, 0xff, 0x00, 0x00, 0x7f, 0xff, 0xfe,
    0x00, 0x00, 0x3f, 0xff, 0xfc, 0x00, 0x00, 0x1f, 0xff, 0xf0, 0x00, 0x00, 0x07, 0xff, 0xe0, 0x00,
    0x00, 0x00, 0xff, 0x00, 0x00, 0x1f, 0xff, 0xff, 0xff, 0xe0, 0x1f, 0xff, 0xff, 0xff, 0xe0, 0x1f,
    0xff, 0xff, 0xff, 0xe0, 0x1f, 0xff, 0xff, 0xff, 0xe0, 0x1f, 0xff, 0xff, 0xff, 0xc0, 0x00, 0x00,
    0x00, 0x0f, 0xc0, 0x00, 0x00, 0x00, 0x1f, 0x80, 0x00, 0x00, 0x00, 0x3f, 0x00, 0x00, 0x00, 0x00,
    0x3f, 0x00, 0x00, 0x00, 0x00, 0x7e, 0x00, 0x00, 0x00, 0x00, 0x7e, 0x00, 0x00, 0x00, 0x00, 0xfc,
    0x00, 0x00, 0x00, 0x00, 0xf8, 0x00, 0x00, 0x00, 0x01, 0xf8, 0x00, 0x00, 0x00, 0x03, 0xf0, 0x00,
    0x00, 0x00, 0x03, 0xf0, 0x00, 0x00, 0x00, 0x07, 0xe0, 0x00, 0x00, 0x00, 0x07, 0xe0, 0x00, 0x00,
    0x00, 0x0f, 0xc0, 0x00, 0x00, 0x00, 0x0f, 0xc0, 0x00, 0x00, 0x00, 0x1f, 0x80, 0x00, 0x00, 0x00,
    0x1f, 0x80, 0x00, 0x00, 0x00, 0x3f, 0x00, 0x00, 0x00, 0x00, 0x3f, 0x00, 0x00, 0x00, 0x00, 0x7e,
    0x00, 0x00, 0x00, 0x00, 0x7e, 0x00, 0x00, 0x00, 0x00, 0xfc, 0x00, 0x00, 0x00, 0x00, 0xfc, 0x00,
    0x00, 0x00, 0x00, 0xf8, 0x00, 0x00, 0x00, 0x01, 0xf8, 0x00, 0x00, 0x00, 0x01, 0xf8, 0x00, 0x00,
    0x00, 0x03, 0xf0, 0x00, 0x00, 0x00, 0x03, 0xf0, 0x00, 0x00, 0x00, 0x03, 0xf0, 0x00, 0x00, 0x00,
    0x07, 0xe0, 0x00, 0x00, 0x00, 0x07, 0xe0, 0x00, 0x00, 0x00, 0x07, 0xc0, 0x00, 0x00, 0x00, 0x0f,
    0xc0, 0x00, 0x00, 0x00, 0x0f, 0xc0, 0x00, 0x00, 0x00, 0x0f, 0xc0, 0x00, 0x00, 0x00, 0x1f, 0x80,
    0x00, 0x00, 0x00, 0x1f, 0x80, 0x00, 0x00, 0x00, 0x1f, 0x80, 0x00, 0x00, 0x00, 0x1f, 0x80, 0x00,
    0x00, 0x00, 0x3f, 0x00, 0x00, 0x00, 0x00, 0x3f, 0x00, 0x00, 0x00, 0x00, 0x3f, 0x00, 0x00, 0x00,
    0x00, 0x3f, 0x00, 0x00, 0x00, 0x00, 0x01, 0xfe, 0x00, 0x00, 0x00, 0x0f, 0xff, 0xc0, 0x00, 0x00,
    0x3f, 0xff, 0xf0, 0x00, 0x00, 0x7f, 0xff, 0xf8, 0x00, 0x00, 0xff, 0xff, 0xfc, 0x00, 0x01, 0xff,
    0x03, 0xfe, 0x00, 0x01, 0xfc, 0x00, 0xfe, 0x00, 0x03, 0xf8, 0x00, 0x7f, 0x00, 0x03, 0xf0, 0x00,
    0x3f, 0x00, 0x07, 0xf0, 0x00, 0x3f, 0x80, 0x07, 0xe0, 0x00, 0x1f, 0x80, 0x07, 0xe0, 0x00, 0x1f,
    0x80, 0x07, 0xe0, 0x00, 0x1f, 0x80, 0x07, 0xe0, 0x00, 0x1f, 0x80, 0x07, 0xe0, 0x00, 0x1f, 0x80,
    0x07, 0xe0, 0x00, 0x1f, 0x80, 0x03, 0xf0, 0x00, 0x3f, 0x00, 0x03, 0xf0, 0x00, 0x3f, 0x00, 0x01,
    0xf8, 0x00, 0x7e, 0x00, 0x00, 0xfc, 0x00, 0xfc, 0x00, 0x00, 0x7f, 0x03, 0xf8, 0x00, 0x00, 0x3f,
    0xff, 0xf0, 0x00, 0x00, 0x1f, 0xff, 0xe0, 0x00, 0x00, 0x1f, 0xff, 0xe0, 0x00, 0x00, 0x7f, 0xff,
    0xf8, 0x00, 0x00, 0xff, 0xff, 0xfc, 0x00, 0x01, 0xfe, 0x03, 0xfe, 0x00, 0x03, 0xf8, 0x00, 0x7f,
    0x00, 0x07, 0xf0, 0x00, 0x3f, 0x80, 0x07, 0xe0, 0x00, 0x1f, 0x80, 0x0f, 0xc0, 0x00, 0x0f, 0xc0,
    0x0f, 0xc0, 0x00, 0x0f, 0xc0, 0x1f, 0x80, 0x00, 0x07, 0xe0, 0x1f, 0x80, 0x00, 0x07, 0xe0, 0x1f,
    0x80, 0x00, 0x07, 0xe0, 0x1f, 0x80, 0x00, 0x07, 0xe0, 0x1f, 0x80, 0x00, 0x07, 0xe0, 0x1f, 0x80,
    0x00, 0x07, 0xe0, 0x1f, 0x80, 0x00, 0x07, 0xe0, 0x1f, 0xc0, 0x00, 0x0f, 0xe0, 0x0f, 0xc0, 0x00,
    0x0f, 0xc0, 0x0f, 0xe0, 0x00, 0x1f, 0xc0, 0x07, 0xf0, 0x00, 0x3f, 0x80, 0x07, 0xf8, 0x00, 0x7f,
    0x80, 0x03, 0xfe, 0x01, 0xff, 0x00, 0x01, 0xff, 0xff, 0xfe, 0x00, 0x00, 0xff, 0xff, 0xfc, 0x00,
    0x00, 0x7f, 0xff, 0xf0, 0x00, 0x00, 0x1f, 0xff, 0xe0, 0x00, 0x00, 0x03, 0xff, 0x00, 0x00, 0x00,
    0x03, 0xfe, 0x00, 0x00, 0x00, 0x0f, 0xff, 0x80, 0x00, 0x00, 0x3f, 0xff, 0xe0, 0x00, 0x00, 0xff,
    0xff, 0xf0, 0x00, 0x01, 0xff, 0xff, 0xf8, 0x00, 0x03, 0xfe, 0x07, 0xfc, 0x00, 0x03, 0xf8, 0x01,
    0xfe, 0x00, 0x07, 0xf0, 0x00, 0xfe, 0x00, 0x07, 0xe0, 0x00, 0x7f, 0x00, 0x0f, 0xc0, 0x00, 0x3f,
    0x00, 0x0f, 0xc0, 0x00, 0x1f, 0x00, 0x0f, 0xc0, 0x00, 0x1f, 0x80, 0x1f, 0x80, 0x00, 0x1f, 0x80,
    0x1f, 0x80, 0x00, 0x0f, 0x80, 0x1f, 0x80, 0x00, 0x0f, 0x80, 0x1f, 0x80, 0x00, 0x0f, 0xc0, 0x1f,
    0x80, 0x00, 0x0f, 0xc0, 0x1f, 0x80, 0x00, 0x0f, 0xc0, 0x1f, 0x80, 0x00, 0x0f, 0xc0, 0x1f, 0xc0,
    0x00, 0x0f, 0xc0, 0x1f, 0xc0, 0x00, 0x1f, 0xc0, 0x0f, 0xc0, 0x00, 0x1f, 0xc0, 0x0f, 0xe0, 0x00,
    0x3f, 0xc0, 0x07, 0xf0, 0x00, 0x7f, 0xc0, 0x07, 0xf8, 0x00, 0xff, 0xc0, 0x03, 0xfe, 0x03, 0xff,
    0xc0, 0x01, 0xff, 0xff, 0xef, 0xc0, 0x00, 0xff, 0xff, 0xcf, 0xc0, 0x00, 0x7f, 0xff, 0x8f, 0xc0,
    0x00, 0x1f, 0xff, 0x0f, 0xc0, 0x00, 0x07, 0xf8, 0x0f, 0x80, 0x00, 0x00, 0x00, 0x0f, 0x80, 0x00,
    0x00, 0x00, 0x0f, 0x80, 0x00, 0x00, 0x00, 0x1f, 0x80, 0x00, 0x00, 0x00, 0x1f, 0x80, 0x00, 0x00,
    0x00, 0x1f, 0x00, 0x00, 0x00, 0x00, 0x1f, 0x00, 0x00, 0x00, 0x00, 0x3f, 0x00, 0x00, 0x00, 0x00,
    0x3e, 0x00, 0x00, 0x00, 0x00, 0x7e, 0x00, 0x00, 0x00, 0x00, 0xfc, 0x00, 0x00, 0x00, 0x01, 0xfc,
    0x00, 0x00, 0x00, 0x03, 0xf8, 0x00, 0x03, 0x00, 0x07, 0xf0, 0x00, 0x03, 0xc0, 0x3f, 0xe0, 0x00,
    0x03, 0xff, 0xff, 0xc0, 0x00, 0x03, 0xff, 0xff, 0x80, 0x00, 0x03, 0xff, 0xff, 0x00, 0x00, 0x01,
    0xff, 0xfc, 0x00, 0x00, 0x00, 0x3f, 0xe0, 0x00, 0x00,
};
inline constexpr FontGlyph font64_glyphs[] = {
    {32U, 0U, 0U, 0U, 20U, 0, 0},
    {45U, 0U, 28U, 22U, 29U, 0, 46},
    {48U, 88U, 38U, 50U, 39U, 0, 19},
    {49U, 338U, 38U, 49U, 39U, 0, 19},
    {50U, 583U, 38U, 49U, 39U, 0, 19},
    {51U, 828U, 38U, 50U, 39U, 0, 19},
    {52U, 1078U, 38U, 48U, 39U, 0, 20},
    {53U, 1318U, 38U, 49U, 39U, 0, 20},
    {54U, 1563U, 38U, 50U, 39U, 0, 19},
    {55U, 1813U, 38U, 48U, 39U, 0, 20},
    {56U, 2053U, 38U, 50U, 39U, 0, 19},
    {57U, 2303U, 38U, 50U, 39U, 0, 19},
};
inline constexpr Font font64{font64_glyphs, sizeof(font64_glyphs) / sizeof(font64_glyphs[0]), font64_bitmap, 85U};

}  // namespace pm25
